Game,epsilon = 1,epsilon = 0,epsilon = 0.001,epsilon = 0.01,epsilon = 0.1
1,17,17,11,3,7
2,18,12,21,0,16
3,13,3,3,20,6
4,15,8,0,3,12
5,13,9,8,10,18
6,12,9,16,12,3
7,18,14,20,11,3
8,13,11,22,5,7
9,12,16,10,0,2
10,18,16,16,3,15
11,18,6,16,17,7
12,18,5,17,13,18
13,21,3,20,14,22
14,24,12,24,17,15
15,15,2,14,15,20
16,8,11,14,12,12
17,13,16,18,4,23
18,7,21,13,18,4
19,10,7,3,22,10
20,21,8,11,26,11
21,19,5,7,5,4
22,9,3,8,13,10
23,11,15,17,9,9
24,15,6,17,15,22
25,15,11,6,16,14
26,5,15,6,6,13
27,8,18,18,5,8
28,14,8,1,8,14
29,15,26,14,16,8
30,15,3,19,17,12
31,8,9,12,9,5
32,8,24,4,6,19
33,16,10,21,12,4
34,19,18,12,7,15
35,3,16,9,3,12
36,17,10,15,9,16
37,7,11,20,19,17
38,15,18,17,10,4
39,23,12,1,10,3
40,18,10,12,19,9
41,23,18,13,11,12
42,13,18,12,10,23
43,12,9,7,5,14
44,19,24,5,7,15
45,6,18,9,12,21
46,8,6,15,17,18
47,1,16,7,24,20
48,9,20,18,6,11
49,13,12,17,15,21
50,13,15,10,9,8
51,16,16,10,19,10
52,8,8,13,5,18
53,7,21,9,9,1
54,6,18,13,19,24
55,23,8,5,24,13
56,16,21,4,22,9
57,15,15,1,18,18
58,15,9,12,13,11
59,3,17,8,15,10
60,5,21,2,11,4
61,6,11,11,20,4
62,15,5,7,6,21
63,10,13,8,16,21
64,15,12,10,27,8
65,5,13,29,7,4
66,20,26,5,11,16
67,19,18,19,31,7
68,14,12,10,16,7
69,22,21,5,14,8
70,18,6,12,12,14
71,13,18,12,15,16
72,9,7,8,26,15
73,17,7,8,5,8
74,12,12,6,5,20
75,16,7,8,0,11
76,21,7,5,5,7
77,16,2,8,12,6
78,6,4,5,14,23
79,15,10,16,9,17
80,19,12,5,11,14
81,19,10,26,11,20
82,10,21,3,0,2
83,5,11,15,14,13
84,14,8,8,20,23
85,15,12,6,8,3
86,21,4,6,15,16
87,9,19,8,10,11
88,20,7,13,10,12
89,10,17,8,12,3
90,8,14,4,16,18
91,15,6,16,0,12
92,16,10,16,11,13
93,7,16,18,27,7
94,16,14,10,18,8
95,11,17,11,6,9
96,16,11,18,5,14
97,17,13,13,3,6
98,13,15,14,17,7
99,8,4,14,5,24
100,17,7,12,6,16
101,11,13,11,23,15
102,13,7,4,14,15
103,11,22,5,7,17
104,6,7,0,4,16
105,7,7,6,5,10
106,16,14,13,2,7
107,5,6,7,14,1
108,12,19,8,17,7
109,19,21,8,17,11
110,19,17,5,2,7
111,3,15,11,16,10
112,13,9,3,6,23
113,19,14,12,1,14
114,12,7,10,7,11
115,7,15,5,9,12
116,8,20,16,5,3
117,17,16,4,13,11
118,11,1,6,17,14
119,7,25,8,5,3
120,8,18,11,12,19
121,5,5,19,17,12
122,12,10,24,5,15
123,5,13,14,10,5
124,9,4,17,0,11
125,2,12,5,10,8
126,8,8,26,12,8
127,5,7,10,6,8
128,7,9,19,5,12
129,15,21,0,2,5
130,6,12,6,7,21
131,17,20,24,9,0
132,13,1,6,0,14
133,9,13,10,7,14
134,4,19,18,17,12
135,7,10,3,15,16
136,10,15,8,20,20
137,15,6,20,13,10
138,3,10,15,13,7
139,16,13,6,8,9
140,11,9,8,19,21
141,14,14,4,5,15
142,17,4,16,25,19
143,8,14,15,11,18
144,8,10,20,18,3
145,20,17,5,12,23
146,15,3,4,19,0
147,19,8,21,18,7
148,4,21,9,17,9
149,13,18,14,13,4
150,13,6,15,13,13
151,10,11,12,0,24
152,2,16,0,13,9
153,8,10,10,9,11
154,14,18,6,8,10
155,13,16,1,12,15
156,10,16,7,17,19
157,21,6,12,7,11
158,21,17,16,5,2
159,11,11,18,18,2
160,9,18,18,5,5
161,10,17,11,4,6
162,10,17,18,13,9
163,11,8,18,5,11
164,17,5,13,14,10
165,7,12,5,4,15
166,4,7,7,18,11
167,11,21,16,6,0
168,12,9,5,6,15
169,9,6,12,16,5
170,14,11,14,5,15
171,17,23,12,15,9
172,29,9,14,15,2
173,7,7,18,14,8
174,12,6,19,14,7
175,19,6,9,4,13
176,11,17,0,10,14
177,16,5,11,19,13
178,15,16,4,11,24
179,12,24,13,11,16
180,9,8,0,17,13
181,3,25,14,4,5
182,17,10,14,14,8
183,13,8,6,10,19
184,9,21,3,18,14
185,9,6,16,17,1
186,10,10,13,3,7
187,25,5,28,17,2
188,15,11,13,8,4
189,22,9,16,19,10
190,8,5,18,16,20
191,11,7,0,11,10
192,18,12,10,14,9
193,16,14,10,11,6
194,7,3,20,11,8
195,12,11,5,7,23
196,2,21,5,13,22
197,11,4,19,11,14
198,12,9,24,17,13
199,5,5,16,9,17
200,2,5,0,5,5
201,8,14,14,6,10
202,7,15,13,10,21
203,7,10,15,6,17
204,20,19,5,12,8
205,22,15,16,18,12
206,9,12,17,21,3
207,12,13,19,10,8
208,14,7,16,4,9
209,15,2,9,12,21
210,18,8,10,11,2
211,12,8,6,18,5
212,6,4,24,11,19
213,3,12,7,12,13
214,16,6,8,21,13
215,10,7,16,6,14
216,11,16,11,5,26
217,14,10,4,9,12
218,6,12,6,10,8
219,13,6,4,13,6
220,11,8,19,13,12
221,14,4,14,13,16
222,17,3,9,14,16
223,15,13,8,28,15
224,9,3,3,18,10
225,10,0,5,15,18
226,10,15,1,14,4
227,13,12,21,8,24
228,9,17,7,5,0
229,9,4,7,21,23
230,8,16,7,6,7
231,1,6,14,23,12
232,3,18,9,18,13
233,16,3,10,6,13
234,8,14,7,5,4
235,18,11,20,16,8
236,14,2,8,10,14
237,12,2,13,6,19
238,9,7,20,19,15
239,8,18,21,11,6
240,5,13,5,15,17
241,7,15,8,22,14
242,16,19,27,19,13
243,16,14,14,7,13
244,6,17,4,12,9
245,5,22,15,15,11
246,13,9,20,10,15
247,9,7,15,10,9
248,13,14,19,10,4
249,8,6,14,16,11
250,22,17,12,16,9
251,14,0,14,11,18
252,7,6,20,8,16
253,15,5,8,24,16
254,11,20,22,6,4
255,10,12,13,16,19
256,20,12,6,8,13
257,14,6,18,9,13
258,11,11,5,9,10
259,16,14,12,5,17
260,6,4,1,11,12
261,9,15,17,11,8
262,10,12,16,11,9
263,21,11,6,7,10
264,10,13,11,18,15
265,5,11,3,1,13
266,5,21,0,14,13
267,16,14,10,7,12
268,7,13,18,0,9
269,14,9,23,11,1
270,12,15,17,5,23
271,14,15,6,8,4
272,15,6,10,9,14
273,10,9,0,25,19
274,7,18,16,7,16
275,5,14,7,13,17
276,21,12,13,21,20
277,4,7,0,19,19
278,17,5,16,17,0
279,9,33,10,10,24
280,14,15,4,13,21
281,8,12,11,18,21
282,16,6,14,13,13
283,18,14,9,13,6
284,20,4,2,9,6
285,14,8,17,7,13
286,14,11,17,7,29
287,8,12,12,6,8
288,18,6,5,17,12
289,13,23,11,17,17
290,14,19,18,11,9
291,15,21,8,2,7
292,11,10,3,15,14
293,21,18,4,8,2
294,6,11,6,16,4
295,12,6,9,3,8
296,6,6,8,15,14
297,20,0,16,18,12
298,11,7,16,5,13
299,16,14,19,6,20
300,8,17,6,22,9
301,1,12,8,8,10
302,15,7,6,17,2
303,12,6,0,15,0
304,4,20,12,4,6
305,11,3,13,4,6
306,18,15,25,12,6
307,10,18,11,4,8
308,16,10,13,4,20
309,7,6,4,21,5
310,12,4,8,2,6
311,12,6,10,7,16
312,13,24,23,4,6
313,2,16,22,9,23
314,12,6,10,7,12
315,12,11,11,17,12
316,13,16,19,7,11
317,6,9,12,6,7
318,13,7,15,14,17
319,9,8,14,21,16
320,13,14,4,6,3
321,6,9,10,7,8
322,15,11,13,25,11
323,6,21,1,13,7
324,9,11,12,5,14
325,19,5,20,15,17
326,7,10,11,10,9
327,15,11,15,13,13
328,9,8,18,19,8
329,25,8,27,18,4
330,10,10,9,9,8
331,5,16,6,10,13
332,10,14,17,3,8
333,16,9,21,17,3
334,18,18,0,7,16
335,12,19,11,10,20
336,14,12,17,15,23
337,8,6,21,1,4
338,18,9,1,16,6
339,12,11,14,12,13
340,10,5,5,17,21
341,26,13,15,9,12
342,12,14,10,5,21
343,10,7,20,15,0
344,15,0,21,12,6
345,7,17,13,15,4
346,20,7,14,8,17
347,13,13,13,16,18
348,4,5,5,16,21
349,8,24,12,7,0
350,19,11,11,14,8
351,6,10,4,15,14
352,13,15,11,16,10
353,13,16,19,6,9
354,14,6,15,16,18
355,7,14,4,20,11
356,15,8,13,6,4
357,10,17,2,6,15
358,9,5,4,8,10
359,22,16,6,4,9
360,18,7,8,22,8
361,9,0,5,11,11
362,10,13,9,2,3
363,15,3,11,9,18
364,12,13,15,17,11
365,12,12,13,3,24
366,4,8,13,20,16
367,8,13,16,5,14
368,11,15,8,21,0
369,13,8,5,11,9
370,16,16,0,13,17
371,4,4,16,9,11
372,6,17,18,2,22
373,13,0,9,17,7
374,8,25,14,5,5
375,9,14,4,8,11
376,7,11,10,22,10
377,11,18,14,3,10
378,14,9,7,15,12
379,11,16,9,19,5
380,13,9,11,21,12
381,18,13,14,0,11
382,14,12,5,21,8
383,22,18,16,13,15
384,12,13,13,3,20
385,16,8,8,23,13
386,18,15,12,0,9
387,8,1,14,4,5
388,10,8,0,16,14
389,6,5,13,14,7
390,6,14,12,11,11
391,11,16,0,0,12
392,4,4,17,7,18
393,17,7,24,5,16
394,10,10,13,9,19
395,28,20,7,6,17
396,9,13,22,8,5
397,14,16,7,5,11
398,16,5,6,18,23
399,15,24,9,2,4
400,13,10,11,17,16
401,10,28,16,2,6
402,23,16,11,7,7
403,11,10,4,15,9
404,7,10,19,11,9
405,15,11,1,11,16
406,8,18,16,5,16
407,6,9,13,8,14
408,20,14,7,9,13
409,18,24,19,18,14
410,12,6,17,0,4
411,5,5,11,19,7
412,16,1,8,15,16
413,12,13,13,9,19
414,21,21,10,17,6
415,10,12,10,11,11
416,11,3,8,10,14
417,14,5,20,13,13
418,16,6,9,17,26
419,13,18,5,6,3
420,18,21,3,6,6
421,17,5,4,6,14
422,3,8,6,22,4
423,21,4,9,9,7
424,12,6,17,13,11
425,2,6,7,27,7
426,9,0,18,7,13
427,16,15,12,16,10
428,13,7,7,18,22
429,19,14,11,12,12
430,22,23,14,5,8
431,10,8,7,9,5
432,14,15,25,3,5
433,13,8,7,18,11
434,10,17,17,22,8
435,7,4,10,8,12
436,17,15,6,16,16
437,6,6,2,20,12
438,9,21,4,2,10
439,15,0,9,23,16
440,4,24,11,13,16
441,11,16,22,19,20
442,17,13,4,18,10
443,3,20,20,19,17
444,15,0,5,11,9
445,12,15,2,16,7
446,11,0,17,21,10
447,17,19,11,19,5
448,18,10,3,12,19
449,11,8,5,7,2
450,17,32,19,13,10
451,17,8,10,2,11
452,19,5,5,12,5
453,10,14,14,11,11
454,14,15,4,8,1
455,9,8,11,3,20
456,16,5,12,2,19
457,16,14,5,8,6
458,13,3,23,3,23
459,12,13,5,24,17
460,10,7,3,10,0
461,22,11,22,6,16
462,15,12,0,9,13
463,10,10,10,11,7
464,15,25,21,19,9
465,24,23,11,7,19
466,19,10,17,18,3
467,12,6,3,18,19
468,7,7,10,21,3
469,10,14,15,21,7
470,17,16,10,11,17
471,18,13,2,10,6
472,13,13,15,10,1
473,16,18,8,15,5
474,29,19,20,7,15
475,11,11,16,12,21
476,26,11,11,11,14
477,18,18,0,13,12
478,4,0,16,12,14
479,19,9,6,5,9
480,11,19,9,3,9
481,10,17,8,15,10
482,9,7,16,13,22
483,5,13,1,6,26
484,13,12,8,15,13
485,18,19,19,12,3
486,11,17,17,19,6
487,11,11,17,0,9
488,8,17,16,11,11
489,20,10,7,27,14
490,10,23,7,12,12
491,11,4,18,6,17
492,7,6,11,12,16
493,12,4,12,6,13
494,12,8,11,11,11
495,5,15,12,10,14
496,5,10,22,20,4
497,7,16,11,4,6
498,2,16,4,7,25
499,15,19,12,19,9
500,12,15,0,18,12
501,12,22,12,6,20
502,15,18,7,8,4
503,15,7,5,11,17
504,8,22,9,12,10
505,20,18,10,17,18
506,6,17,2,17,12
507,11,8,9,21,17
508,14,4,14,5,6
509,12,13,18,13,13
510,5,2,4,1,11
511,4,10,17,3,18
512,5,6,13,6,6
513,24,8,8,9,1
514,14,11,9,8,10
515,10,6,10,7,13
516,20,15,17,7,0
517,8,30,13,6,8
518,17,7,13,8,11
519,6,19,4,17,10
520,14,10,14,5,6
521,16,10,11,7,5
522,10,19,10,21,4
523,9,17,13,12,6
524,15,14,22,8,10
525,11,5,1,20,10
526,15,11,21,3,15
527,20,19,3,8,4
528,10,18,15,17,3
529,17,4,14,13,21
530,22,23,17,17,23
531,26,9,14,16,3
532,13,12,10,2,9
533,17,6,5,13,8
534,5,10,12,8,13
535,14,17,5,6,5
536,9,9,3,16,10
537,19,7,10,9,6
538,19,15,6,8,9
539,23,9,20,9,13
540,6,15,10,3,18
541,16,19,16,14,15
542,6,6,16,0,11
543,14,11,0,7,14
544,21,16,18,4,0
545,15,13,6,10,9
546,13,16,13,1,13
547,2,5,8,9,20
548,18,14,8,6,15
549,18,7,16,18,22
550,9,8,16,9,20
551,12,19,4,17,16
552,12,10,4,16,19
553,13,6,19,19,5
554,11,9,5,17,8
555,12,2,13,13,2
556,8,16,12,7,6
557,17,20,18,10,2
558,8,18,5,7,17
559,15,17,0,18,12
560,0,18,12,9,16
561,20,3,0,15,10
562,16,13,7,0,18
563,16,8,16,13,10
564,12,17,1,14,7
565,16,10,17,6,4
566,2,15,19,5,10
567,23,23,21,6,7
568,16,6,7,17,1
569,17,16,5,13,28
570,8,6,6,12,2
571,19,13,8,11,9
572,13,20,10,6,1
573,12,17,16,9,8
574,18,23,13,0,6
575,18,20,18,12,13
576,19,5,10,18,15
577,17,22,16,9,7
578,9,10,3,2,22
579,19,20,23,10,0
580,10,3,6,16,18
581,5,14,17,0,3
582,6,13,6,17,7
583,9,17,18,4,14
584,12,4,4,14,18
585,7,17,16,9,3
586,23,17,18,5,9
587,20,2,14,21,10
588,16,9,17,13,3
589,11,12,6,18,11
590,15,16,9,3,4
591,9,20,13,11,3
592,9,10,11,5,17
593,11,22,8,6,7
594,4,19,7,5,9
595,18,12,32,21,21
596,15,6,19,14,4
597,2,20,3,19,6
598,4,12,6,17,0
599,7,7,14,13,9
600,10,8,2,15,22
601,8,8,17,2,11
602,11,12,18,13,5
603,21,8,12,3,11
604,18,5,2,20,17
605,6,11,11,8,7
606,6,14,19,17,8
607,13,6,8,15,6
608,16,19,5,22,14
609,5,11,21,10,21
610,12,12,13,6,3
611,6,10,21,34,6
612,9,22,13,13,20
613,13,10,15,5,27
614,18,13,19,3,18
615,15,4,7,23,4
616,12,7,8,11,13
617,8,17,13,17,6
618,8,10,18,16,9
619,5,5,14,25,12
620,3,12,4,15,5
621,12,7,23,20,6
622,2,5,9,10,0
623,15,13,15,16,14
624,16,10,28,7,12
625,9,5,10,19,9
626,11,25,13,16,29
627,6,10,11,8,6
628,15,13,12,4,6
629,10,0,11,3,15
630,15,13,11,13,5
631,22,18,0,14,20
632,6,14,10,7,4
633,13,19,21,3,5
634,2,10,22,12,13
635,17,18,0,11,13
636,3,18,18,5,3
637,7,16,4,11,9
638,7,26,4,11,3
639,19,11,16,5,19
640,7,9,12,16,13
641,9,11,4,18,9
642,10,12,9,1,4
643,17,15,5,10,9
644,19,19,4,15,2
645,24,9,18,7,2
646,9,14,11,7,11
647,8,11,10,5,4
648,21,14,11,18,8
649,18,20,8,6,15
650,11,7,6,15,19
651,13,8,5,8,20
652,5,15,16,12,6
653,12,12,5,11,7
654,11,18,14,22,5
655,25,18,6,18,9
656,10,6,19,4,16
657,5,20,3,18,13
658,8,12,9,10,4
659,18,9,13,12,15
660,7,4,8,22,17
661,10,21,10,15,7
662,9,18,14,2,20
663,3,7,12,4,17
664,18,11,13,7,8
665,15,6,11,17,13
666,9,7,6,15,11
667,7,2,12,17,5
668,20,5,30,6,21
669,11,13,2,11,7
670,19,12,15,9,8
671,16,22,7,16,12
672,15,22,16,8,11
673,9,6,19,8,5
674,6,5,16,2,15
675,4,13,1,0,4
676,12,5,5,7,10
677,15,9,28,4,14
678,15,17,6,16,5
679,11,2,18,11,10
680,12,16,5,20,15
681,17,12,8,6,13
682,15,16,5,17,10
683,18,15,17,5,13
684,12,16,5,11,8
685,15,14,10,21,9
686,17,10,11,1,8
687,20,26,25,5,12
688,7,12,12,2,9
689,24,11,19,9,16
690,10,14,8,18,12
691,8,14,8,15,8
692,5,18,11,5,7
693,8,18,11,12,17
694,13,6,16,18,9
695,12,10,32,15,15
696,14,13,12,8,13
697,6,8,7,5,12
698,14,8,6,1,7
699,17,18,8,13,11
700,4,16,14,5,10
701,10,15,19,19,15
702,4,8,6,11,22
703,17,2,23,6,2
704,16,16,4,10,15
705,15,20,18,12,9
706,6,10,17,10,7
707,8,12,4,11,0
708,20,4,13,13,13
709,12,16,22,21,8
710,14,17,14,10,12
711,16,10,12,22,20
712,15,10,7,17,2
713,10,16,28,7,0
714,4,13,12,23,4
715,19,11,10,12,14
716,10,13,5,5,19
717,14,15,8,8,16
718,10,0,5,20,18
719,8,10,5,16,14
720,8,7,16,7,14
721,13,12,11,9,6
722,10,18,14,22,6
723,19,15,17,2,7
724,6,10,8,13,2
725,16,11,19,21,5
726,17,9,14,9,4
727,10,3,11,10,13
728,17,10,5,5,6
729,13,10,11,14,3
730,9,5,7,8,3
731,12,0,2,15,10
732,17,17,18,9,13
733,20,17,0,19,14
734,15,12,1,18,9
735,16,7,10,12,11
736,2,11,7,17,0
737,7,4,21,1,16
738,5,6,5,9,12
739,13,11,10,8,6
740,7,5,7,1,10
741,6,15,19,9,20
742,13,9,10,4,8
743,11,4,20,7,13
744,20,16,12,9,14
745,6,5,16,18,5
746,14,18,10,15,4
747,13,21,11,19,6
748,5,7,17,6,8
749,6,12,10,5,12
750,12,11,4,3,8
751,0,4,8,14,7
752,12,6,31,17,19
753,4,5,11,12,20
754,16,6,13,27,2
755,16,14,6,5,10
756,12,15,15,2,9
757,10,4,10,6,9
758,12,9,16,7,11
759,17,4,9,7,9
760,22,17,3,6,12
761,18,12,6,8,12
762,9,10,4,2,2
763,8,23,9,10,6
764,14,10,22,10,7
765,12,15,12,19,7
766,7,6,7,9,25
767,13,7,21,2,15
768,7,2,20,11,12
769,16,22,12,3,8
770,14,9,11,0,19
771,9,12,7,11,2
772,9,4,8,16,12
773,5,19,1,13,10
774,17,10,0,12,26
775,7,7,14,3,14
776,10,9,20,14,7
777,18,11,8,8,10
778,8,1,7,3,16
779,10,15,20,12,14
780,16,19,6,10,12
781,10,8,8,27,19
782,16,4,12,18,16
783,13,10,16,9,6
784,8,7,11,5,9
785,21,8,17,28,15
786,23,23,18,23,21
787,14,1,6,19,17
788,5,8,12,13,14
789,14,8,14,9,17
790,16,14,0,6,15
791,13,6,25,5,6
792,11,21,17,26,11
793,10,7,14,18,4
794,11,8,17,16,18
795,0,17,16,10,8
796,15,8,11,14,17
797,16,20,9,12,15
798,4,9,15,13,10
799,16,8,8,0,18
800,0,7,2,17,7
801,18,5,5,17,7
802,6,9,6,8,22
803,8,6,4,14,12
804,2,5,10,3,6
805,15,13,7,9,9
806,11,11,6,15,16
807,5,15,11,15,5
808,5,20,18,7,10
809,23,10,0,9,10
810,16,5,23,10,18
811,12,22,20,12,9
812,9,8,10,5,6
813,7,11,9,6,20
814,17,3,18,15,10
815,15,11,4,3,11
816,22,9,9,5,6
817,18,17,20,19,11
818,12,5,20,6,9
819,28,7,21,9,7
820,5,6,6,0,5
821,10,17,9,2,22
822,16,19,10,11,4
823,13,14,20,5,8
824,12,23,14,7,13
825,18,15,5,6,7
826,15,18,10,2,5
827,9,16,7,13,15
828,15,11,7,1,4
829,12,7,15,5,9
830,6,21,21,13,18
831,13,6,8,15,3
832,23,16,11,11,7
833,11,21,13,5,5
834,16,0,11,17,19
835,16,16,17,29,15
836,12,13,0,4,1
837,14,17,6,18,22
838,8,4,19,8,19
839,9,11,21,2,15
840,7,2,11,23,2
841,16,9,19,6,22
842,16,4,4,9,4
843,11,14,9,11,6
844,13,5,7,2,9
845,11,7,9,4,0
846,14,3,10,6,15
847,18,23,9,21,7
848,9,12,20,6,16
849,5,4,20,15,15
850,8,12,5,11,14
851,11,8,12,2,12
852,16,15,5,8,10
853,12,13,7,21,10
854,14,14,11,11,19
855,6,4,19,3,25
856,7,9,0,7,11
857,14,12,6,24,4
858,6,21,7,6,0
859,2,6,11,8,16
860,7,25,15,11,16
861,22,9,20,11,23
862,7,5,25,8,27
863,13,2,13,10,17
864,14,14,18,12,24
865,19,13,11,15,4
866,8,18,24,14,14
867,24,8,9,7,4
868,11,5,19,20,17
869,10,16,4,0,4
870,22,4,17,18,12
871,16,11,22,21,9
872,6,22,16,12,12
873,18,13,5,2,10
874,8,17,5,12,21
875,22,11,8,16,9
876,15,3,3,2,11
877,8,7,16,18,16
878,26,18,11,17,3
879,5,19,0,19,10
880,16,10,15,10,10
881,7,6,10,4,20
882,7,14,8,4,17
883,11,11,9,21,9
884,8,11,8,5,18
885,0,14,14,5,4
886,6,14,10,8,18
887,7,9,7,16,8
888,9,6,19,7,6
889,11,13,14,16,3
890,13,9,2,2,19
891,7,18,18,19,16
892,8,9,5,6,11
893,21,5,6,9,12
894,23,23,12,5,7
895,14,8,5,9,7
896,14,6,19,10,10
897,9,13,0,17,12
898,18,3,11,13,11
899,13,8,4,17,14
900,1,5,22,19,25
901,14,18,17,9,5
902,8,18,11,4,17
903,11,8,13,20,14
904,16,10,15,26,5
905,19,10,8,3,13
906,5,3,4,10,19
907,13,2,14,17,18
908,9,9,12,10,5
909,12,7,9,12,6
910,9,19,10,2,7
911,13,12,21,8,6
912,5,12,4,6,6
913,8,6,12,12,7
914,19,18,16,8,8
915,12,18,2,3,12
916,19,10,6,11,3
917,13,5,6,17,5
918,3,24,6,5,14
919,19,10,11,7,5
920,12,0,7,6,12
921,3,12,5,11,7
922,10,8,16,28,9
923,5,4,12,6,14
924,11,8,8,3,3
925,20,8,7,12,5
926,10,23,11,21,21
927,14,20,9,0,15
928,9,21,15,4,5
929,7,6,4,5,19
930,12,11,13,16,10
931,5,15,13,12,14
932,5,15,7,16,12
933,12,15,18,18,13
934,11,0,8,18,7
935,4,4,4,15,5
936,13,6,4,19,16
937,9,16,8,11,10
938,20,17,7,15,12
939,5,8,5,19,12
940,14,14,11,19,3
941,16,17,19,2,9
942,15,8,11,9,14
943,10,24,23,17,11
944,11,21,6,9,7
945,18,19,20,0,15
946,14,7,11,15,10
947,9,5,10,3,12
948,18,16,30,14,9
949,11,19,6,12,7
950,16,17,14,20,4
951,8,5,8,13,0
952,17,6,20,10,13
953,16,7,15,24,5
954,18,13,6,7,25
955,8,2,8,13,18
956,14,18,10,2,7
957,18,4,7,12,23
958,4,13,13,7,5
959,16,17,21,1,20
960,18,1,16,27,13
961,15,14,2,19,17
962,15,14,2,29,21
963,0,9,18,24,12
964,3,16,8,8,7
965,21,4,3,15,19
966,25,15,9,10,10
967,11,14,8,18,10
968,13,18,17,8,7
969,12,7,10,2,18
970,14,22,12,6,0
971,15,9,23,18,6
972,7,19,14,16,3
973,4,8,9,7,18
974,10,20,9,13,7
975,9,11,12,20,4
976,12,24,9,29,12
977,14,16,14,2,4
978,5,6,21,11,9
979,3,1,3,3,12
980,9,17,20,8,9
981,6,0,9,2,11
982,5,17,7,18,13
983,23,0,3,14,7
984,14,22,15,6,14
985,12,11,19,5,8
986,10,15,20,14,22
987,12,6,4,7,1
988,5,21,20,12,21
989,10,17,3,14,6
990,9,7,11,16,17
991,8,17,13,11,12
992,17,16,14,14,6
993,5,0,12,9,2
994,11,13,17,11,10
995,7,8,3,5,11
996,5,8,2,12,18
997,9,12,7,10,14
998,17,12,16,4,10
999,14,18,13,20,7
1000,12,6,4,14,15
1001,7,14,21,3,12
1002,19,6,18,10,7
1003,11,15,3,15,11
1004,11,10,18,19,12
1005,3,2,11,13,12
1006,10,9,12,8,14
1007,9,8,12,5,23
1008,17,25,17,20,2
1009,13,15,6,12,10
1010,12,6,14,5,15
1011,9,16,11,9,16
1012,4,6,5,3,21
1013,10,8,8,18,10
1014,10,20,14,17,14
1015,16,19,8,10,13
1016,13,13,6,4,12
1017,5,8,16,6,11
1018,4,7,1,3,12
1019,3,1,0,5,13
1020,22,18,21,18,11
1021,9,16,14,3,0
1022,4,9,10,7,17
1023,19,7,17,15,9
1024,11,7,8,18,7
1025,9,10,16,5,16
1026,16,21,16,17,0
1027,23,6,16,7,11
1028,17,9,11,3,24
1029,10,12,20,15,16
1030,10,7,18,8,8
1031,18,10,16,17,21
1032,15,1,17,2,16
1033,5,5,10,1,6
1034,15,3,6,4,25
1035,10,18,11,9,10
1036,16,11,22,5,17
1037,11,7,16,6,9
1038,11,32,17,26,13
1039,10,10,24,4,21
1040,14,11,10,14,8
1041,6,10,17,21,12
1042,3,18,21,0,16
1043,4,18,10,6,9
1044,10,19,17,11,14
1045,10,12,17,25,8
1046,9,7,22,7,11
1047,5,21,12,16,8
1048,12,8,24,7,6
1049,8,19,1,4,10
1050,11,18,11,5,22
1051,17,6,11,10,5
1052,10,6,15,20,12
1053,6,7,5,1,7
1054,8,15,7,14,8
1055,13,8,15,18,17
1056,14,17,21,13,3
1057,11,14,14,2,14
1058,12,5,19,15,14
1059,19,22,17,15,19
1060,7,17,10,16,18
1061,5,30,8,13,11
1062,10,11,21,6,8
1063,21,0,4,19,3
1064,19,13,5,15,5
1065,5,6,15,6,11
1066,18,4,15,9,12
1067,9,16,5,7,23
1068,20,20,17,18,24
1069,7,8,7,5,6
1070,16,18,14,12,8
1071,6,13,12,14,15
1072,6,18,18,5,8
1073,5,9,6,18,10
1074,18,15,10,6,8
1075,5,17,19,17,12
1076,10,18,10,4,17
1077,19,13,4,11,7
1078,4,7,15,10,20
1079,13,6,3,1,15
1080,11,8,8,14,7
1081,15,11,15,15,3
1082,14,18,5,14,12
1083,9,16,16,15,10
1084,8,13,9,6,7
1085,11,10,23,9,28
1086,13,2,14,9,17
1087,0,3,15,10,8
1088,12,9,8,17,17
1089,18,3,0,23,12
1090,8,12,17,19,12
1091,9,0,4,3,14
1092,11,13,5,15,28
1093,9,2,10,18,24
1094,9,8,9,4,7
1095,13,9,12,17,14
1096,8,4,16,5,8
1097,17,7,9,18,18
1098,15,10,18,16,5
1099,21,11,19,7,19
1100,9,9,9,2,5
1101,8,11,22,14,0
1102,10,15,8,12,15
1103,4,20,7,3,16
1104,13,8,17,6,13
1105,16,6,3,21,26
1106,4,11,14,10,15
1107,15,8,5,6,18
1108,16,21,10,8,6
1109,15,9,20,14,22
1110,12,17,7,12,18
1111,6,14,6,11,18
1112,10,11,14,6,13
1113,5,23,20,10,4
1114,10,2,17,12,3
1115,12,14,16,10,12
1116,19,16,27,11,18
1117,16,22,0,18,4
1118,17,13,8,2,20
1119,6,8,5,13,15
1120,7,21,14,18,5
1121,10,3,15,11,12
1122,17,10,17,14,3
1123,15,9,6,18,23
1124,8,13,8,12,14
1125,12,6,18,13,4
1126,15,19,12,15,6
1127,17,6,17,7,9
1128,14,4,12,17,7
1129,11,8,0,7,9
1130,10,14,22,3,8
1131,11,9,2,5,18
1132,15,8,9,14,15
1133,22,21,12,5,15
1134,8,4,12,7,22
1135,18,8,17,20,16
1136,10,15,25,10,16
1137,11,10,16,15,6
1138,20,9,5,18,3
1139,11,7,13,6,9
1140,15,17,1,23,5
1141,5,3,0,8,18
1142,10,8,2,8,14
1143,23,8,14,4,13
1144,20,19,22,2,20
1145,2,21,15,23,14
1146,13,7,2,17,7
1147,5,20,0,16,12
1148,10,14,13,21,15
1149,16,20,2,13,17
1150,7,4,7,8,6
1151,19,8,11,8,10
1152,6,16,7,5,17
1153,7,9,14,3,12
1154,9,7,7,5,5
1155,12,14,19,8,12
1156,13,12,12,14,13
1157,11,20,12,19,8
1158,10,5,12,5,12
1159,15,9,19,8,0
1160,16,20,11,5,13
1161,7,4,0,16,7
1162,6,11,3,12,0
1163,10,8,7,7,16
1164,11,3,21,17,14
1165,17,11,7,5,20
1166,1,14,7,20,18
1167,14,13,16,10,17
1168,12,12,16,20,14
1169,12,12,14,6,4
1170,7,4,20,7,14
1171,13,29,9,0,11
1172,22,19,8,15,7
1173,15,17,17,17,6
1174,4,8,15,16,5
1175,23,7,14,8,14
1176,15,22,17,8,16
1177,12,10,6,8,19
1178,14,9,11,2,3
1179,8,8,18,22,7
1180,6,9,1,8,12
1181,16,10,23,2,0
1182,13,6,0,7,1
1183,15,15,19,3,19
1184,5,20,11,14,6
1185,11,2,16,7,5
1186,13,18,7,23,2
1187,9,6,7,9,19
1188,15,19,25,13,4
1189,21,12,3,22,14
1190,13,13,12,9,12
1191,11,5,12,8,7
1192,11,0,4,4,9
1193,5,11,20,9,10
1194,17,9,7,11,18
1195,8,9,3,6,8
1196,22,0,16,10,15
1197,11,9,13,14,5
1198,15,15,12,28,14
1199,15,16,6,26,6
1200,7,3,22,14,18
1201,9,14,4,13,18
1202,6,14,7,11,14
1203,9,9,7,11,5
1204,10,13,0,1,8
1205,9,12,16,14,16
1206,12,10,7,8,7
1207,10,2,21,8,8
1208,12,4,18,11,10
1209,3,27,8,13,6
1210,15,12,15,10,17
1211,10,2,4,9,8
1212,15,18,12,11,8
1213,18,18,3,10,17
1214,16,17,13,4,5
1215,13,0,12,14,13
1216,15,1,1,7,5
1217,13,2,6,6,14
1218,10,10,18,9,15
1219,24,12,8,5,21
1220,5,1,18,18,16
1221,9,0,9,5,22
1222,6,6,8,14,0
1223,15,0,9,29,9
1224,4,5,7,21,16
1225,13,10,4,16,4
1226,26,12,7,8,6
1227,5,17,7,11,13
1228,17,18,9,7,12
1229,8,7,6,2,22
1230,14,17,10,9,7
1231,11,0,8,20,27
1232,17,14,12,22,3
1233,9,2,3,5,24
1234,9,6,27,6,9
1235,7,19,2,19,19
1236,5,19,7,4,6
1237,15,22,7,18,19
1238,14,16,13,16,13
1239,9,9,23,0,21
1240,15,16,7,8,14
1241,14,13,15,16,3
1242,6,11,17,22,12
1243,7,10,14,2,16
1244,11,3,10,16,12
1245,26,6,22,14,12
1246,12,11,15,17,1
1247,19,8,9,19,10
1248,7,16,12,9,4
1249,12,6,14,10,16
1250,14,11,5,0,5
1251,13,13,6,8,8
1252,11,17,4,9,9
1253,11,23,15,14,9
1254,13,0,22,8,3
1255,16,8,0,13,4
1256,33,18,6,14,2
1257,9,0,8,6,12
1258,13,8,13,0,9
1259,8,10,5,8,15
1260,18,6,15,8,13
1261,11,6,13,25,6
1262,4,0,5,5,12
1263,13,17,11,24,2
1264,2,7,25,6,19
1265,13,9,11,18,24
1266,11,14,9,18,13
1267,4,18,13,21,13
1268,9,1,0,11,18
1269,11,5,12,10,11
1270,13,17,6,15,14
1271,7,18,7,14,21
1272,1,13,11,16,8
1273,15,13,9,5,4
1274,16,9,4,2,20
1275,11,16,10,3,16
1276,21,14,17,10,19
1277,1,19,8,17,9
1278,19,9,15,3,18
1279,7,12,3,18,0
1280,9,12,16,11,10
1281,4,16,12,5,15
1282,12,12,13,5,12
1283,17,21,3,12,30
1284,12,16,0,9,23
1285,15,18,19,14,17
1286,16,18,20,5,5
1287,13,13,5,8,13
1288,16,25,22,7,7
1289,14,6,8,12,9
1290,15,16,5,4,0
1291,17,1,15,14,14
1292,14,8,10,9,0
1293,16,10,12,0,20
1294,15,6,16,18,11
1295,17,5,11,7,10
1296,16,18,9,1,13
1297,10,20,5,7,10
1298,16,15,14,6,12
1299,4,23,6,18,15
1300,13,7,4,7,21
1301,16,16,0,16,27
1302,11,14,17,14,11
1303,14,14,3,12,30
1304,16,21,4,8,10
1305,9,13,16,20,7
1306,10,1,27,19,18
1307,9,14,8,14,6
1308,17,23,9,9,11
1309,8,1,15,10,4
1310,21,5,17,8,16
1311,17,16,3,5,17
1312,7,16,5,7,21
1313,7,4,17,8,2
1314,4,10,3,8,2
1315,14,20,16,21,9
1316,23,6,7,10,5
1317,19,10,11,22,11
1318,15,13,4,15,13
1319,16,6,6,10,19
1320,6,5,21,17,7
1321,14,6,17,8,0
1322,13,14,9,12,15
1323,8,16,12,18,9
1324,3,6,6,13,6
1325,11,7,21,3,10
1326,0,4,11,13,13
1327,2,5,8,7,5
1328,18,10,7,7,13
1329,19,13,11,2,16
1330,13,4,23,0,15
1331,11,18,25,12,8
1332,14,19,11,13,12
1333,7,11,19,6,21
1334,28,14,13,23,10
1335,6,5,7,1,3
1336,22,11,5,17,14
1337,17,16,0,6,9
1338,19,22,7,16,3
1339,7,25,24,7,13
1340,16,13,9,14,11
1341,13,16,4,11,11
1342,5,8,13,12,16
1343,14,10,22,18,13
1344,19,12,9,13,25
1345,12,6,6,4,9
1346,18,19,10,2,19
1347,10,11,6,17,9
1348,23,7,7,23,1
1349,8,24,3,15,12
1350,8,11,13,4,16
1351,8,4,17,14,17
1352,14,11,11,14,17
1353,4,12,6,10,21
1354,14,3,9,12,14
1355,5,6,12,9,5
1356,15,12,18,16,1
1357,6,22,6,17,24
1358,12,9,8,18,19
1359,11,20,8,15,13
1360,20,2,15,2,10
1361,24,5,5,2,14
1362,6,23,11,14,4
1363,23,2,2,6,24
1364,14,12,10,13,0
1365,17,18,13,7,10
1366,18,10,8,17,0
1367,13,5,8,0,8
1368,11,21,9,7,13
1369,21,11,23,1,7
1370,8,13,9,5,14
1371,16,11,13,28,7
1372,8,6,17,15,4
1373,16,7,13,9,0
1374,21,25,12,13,10
1375,12,13,9,19,4
1376,4,20,9,12,8
1377,9,7,7,6,17
1378,10,10,23,17,18
1379,13,6,5,25,16
1380,11,12,16,15,13
1381,18,19,7,5,22
1382,10,10,11,21,7
1383,7,19,16,14,12
1384,18,9,16,0,4
1385,13,12,2,16,6
1386,5,4,5,0,18
1387,15,10,9,10,18
1388,14,10,11,11,19
1389,11,16,10,15,19
1390,6,0,12,12,7
1391,15,11,0,22,2
1392,15,3,13,8,18
1393,12,15,9,18,0
1394,11,14,8,23,16
1395,10,33,9,3,11
1396,13,17,3,6,14
1397,8,9,12,2,10
1398,16,14,13,21,13
1399,16,7,10,12,13
1400,13,18,14,22,6
1401,17,18,25,5,13
1402,9,3,9,10,16
1403,6,11,9,18,8
1404,24,12,5,19,10
1405,12,6,0,30,7
1406,14,15,0,10,15
1407,5,6,8,2,12
1408,21,10,8,5,17
1409,17,14,8,5,9
1410,12,12,9,10,18
1411,4,6,18,5,3
1412,13,18,4,4,12
1413,8,15,22,16,5
1414,19,14,14,19,21
1415,9,4,6,16,16
1416,6,4,7,14,0
1417,11,20,18,13,9
1418,6,12,5,6,11
1419,17,16,14,5,19
1420,8,17,9,11,3
1421,15,13,5,13,6
1422,17,15,11,11,10
1423,9,17,8,17,0
1424,11,10,17,4,9
1425,7,7,9,15,11
1426,18,7,11,6,8
1427,21,11,10,11,18
1428,9,16,10,11,13
1429,9,21,9,9,7
1430,13,26,8,14,13
1431,9,21,17,11,14
1432,13,6,15,14,13
1433,6,4,12,15,13
1434,13,17,23,17,4
1435,12,7,3,6,8
1436,17,4,20,10,8
1437,6,10,6,10,9
1438,12,16,15,0,5
1439,15,13,11,13,20
1440,19,8,10,12,5
1441,25,18,0,13,15
1442,16,12,6,10,15
1443,11,6,13,10,3
1444,18,8,23,17,18
1445,12,24,10,2,9
1446,14,11,2,4,15
1447,9,8,6,15,6
1448,18,9,6,5,6
1449,12,17,9,9,6
1450,12,16,16,12,9
1451,1,7,23,22,21
1452,17,5,11,6,23
1453,5,9,9,5,18
1454,8,17,4,13,15
1455,16,11,14,9,15
1456,20,19,6,5,10
1457,15,6,12,9,10
1458,20,10,5,10,2
1459,23,16,8,4,6
1460,13,12,22,0,6
1461,9,6,1,26,9
1462,9,13,2,7,6
1463,9,15,3,16,14
1464,8,11,16,14,20
1465,17,20,11,11,17
1466,19,5,26,19,12
1467,3,21,3,8,5
1468,5,13,6,3,12
1469,10,14,5,22,4
1470,14,1,6,16,2
1471,10,19,20,2,2
1472,10,10,19,3,2
1473,14,14,8,18,16
1474,18,22,15,6,16
1475,12,14,19,18,16
1476,17,6,10,0,8
1477,12,17,19,8,15
1478,14,16,8,14,3
1479,16,10,8,21,16
1480,15,8,0,13,7
1481,18,12,9,5,11
1482,14,2,3,12,14
1483,10,16,12,5,7
1484,17,6,4,8,10
1485,18,15,13,23,19
1486,5,11,1,6,20
1487,9,16,5,18,18
1488,15,15,12,12,11
1489,8,22,4,5,8
1490,11,13,4,12,22
1491,5,7,3,3,8
1492,14,20,8,5,4
1493,15,5,8,16,12
1494,25,16,12,9,7
1495,13,6,4,17,10
1496,5,8,16,9,11
1497,8,7,23,17,3
1498,7,10,12,20,19
1499,20,6,17,0,20
1500,18,5,12,10,20
1501,8,9,17,9,7
1502,13,12,10,6,3
1503,9,13,15,14,13
1504,6,14,1,8,13
1505,18,16,4,17,17
1506,15,1,11,5,3
1507,10,6,20,24,7
1508,14,23,1,11,15
1509,18,6,3,6,16
1510,9,8,21,11,20
1511,23,8,25,19,5
1512,10,6,5,24,16
1513,0,5,19,16,17
1514,17,21,9,8,7
1515,13,11,15,16,18
1516,3,17,8,17,22
1517,8,17,13,0,11
1518,8,4,12,19,20
1519,4,16,1,17,18
1520,14,18,15,10,5
1521,11,6,5,7,10
1522,13,24,10,7,12
1523,10,9,12,5,8
1524,6,9,21,1,8
1525,7,9,14,4,12
1526,3,10,11,5,7
1527,15,13,12,25,15
1528,7,10,8,9,0
1529,13,0,9,14,15
1530,20,19,13,4,10
1531,16,18,16,8,2
1532,7,13,3,0,11
1533,17,6,7,10,8
1534,18,8,6,5,17
1535,17,11,20,7,1
1536,14,19,19,14,17
1537,17,0,14,5,6
1538,14,13,25,8,16
1539,15,6,9,17,13
1540,11,17,4,13,14
1541,16,9,17,19,8
1542,8,4,22,10,18
1543,14,5,0,13,18
1544,8,11,4,18,9
1545,8,17,31,12,10
1546,12,2,6,19,11
1547,10,13,20,9,9
1548,12,0,15,8,24
1549,25,12,15,0,17
1550,7,13,7,10,12
1551,8,7,11,17,19
1552,11,13,11,26,0
1553,8,16,5,9,23
1554,16,10,16,5,21
1555,5,6,7,20,3
1556,16,15,16,7,5
1557,15,15,5,15,10
1558,7,14,17,11,15
1559,9,8,9,17,6
1560,9,7,15,4,5
1561,15,23,16,4,7
1562,11,2,18,7,8
1563,10,22,11,10,13
1564,11,15,15,8,21
1565,16,5,18,11,13
1566,9,4,8,16,20
1567,8,6,15,21,21
1568,9,16,13,8,19
1569,12,0,13,19,9
1570,16,13,3,12,0
1571,7,5,9,19,7
1572,18,12,12,5,14
1573,6,27,1,12,28
1574,2,19,27,4,10
1575,5,13,29,16,14
1576,12,17,10,2,2
1577,20,1,14,8,6
1578,16,7,14,9,13
1579,20,11,18,17,6
1580,7,19,12,16,7
1581,12,10,22,11,5
1582,5,8,16,6,18
1583,21,17,20,13,18
1584,12,14,8,10,3
1585,9,10,5,12,18
1586,11,9,23,15,5
1587,4,14,12,19,7
1588,7,18,25,5,2
1589,14,0,9,8,14
1590,6,15,4,9,12
1591,7,15,25,10,6
1592,9,8,9,5,16
1593,13,8,17,15,19
1594,11,16,2,15,7
1595,8,12,16,4,3
1596,7,15,5,7,18
1597,13,8,6,7,9
1598,8,11,4,24,6
1599,17,34,14,6,8
1600,21,10,5,14,22
1601,22,8,6,0,1
1602,11,12,12,14,20
1603,12,5,16,12,16
1604,15,17,15,12,6
1605,6,6,7,3,15
1606,14,22,6,22,18
1607,9,5,8,4,12
1608,14,12,22,5,6
1609,17,19,12,20,5
1610,19,7,10,7,12
1611,15,0,16,22,9
1612,7,8,11,12,11
1613,3,4,5,17,17
1614,8,18,19,21,5
1615,20,15,11,4,3
1616,5,8,26,18,10
1617,6,13,12,17,3
1618,15,4,3,10,5
1619,13,11,11,6,16
1620,7,21,16,14,10
1621,8,15,1,5,15
1622,7,17,12,14,10
1623,10,0,6,19,11
1624,12,22,8,5,17
1625,11,10,17,17,7
1626,12,16,11,10,12
1627,17,11,14,9,10
1628,14,5,3,6,16
1629,5,10,7,8,8
1630,6,7,6,19,7
1631,14,15,13,12,7
1632,11,24,11,7,15
1633,7,6,7,7,20
1634,4,9,18,9,5
1635,18,7,2,9,2
1636,9,12,5,6,13
1637,13,15,9,8,9
1638,6,12,0,20,18
1639,7,8,15,15,6
1640,6,20,10,19,12
1641,15,18,11,13,9
1642,6,18,22,15,16
1643,10,8,3,21,10
1644,8,14,8,7,7
1645,18,14,4,10,13
1646,14,1,21,8,15
1647,20,4,3,14,19
1648,9,16,17,2,6
1649,11,18,19,13,23
1650,15,13,18,18,18
1651,10,4,13,14,5
1652,19,9,6,7,19
1653,19,3,7,10,6
1654,15,17,7,0,11
1655,19,7,6,21,16
1656,7,16,7,0,12
1657,7,4,11,0,16
1658,7,18,14,16,20
1659,13,1,0,6,19
1660,16,11,6,10,5
1661,8,5,17,9,18
1662,13,19,0,6,6
1663,10,10,4,4,20
1664,6,12,14,13,14
1665,8,4,4,6,13
1666,12,11,3,9,11
1667,10,6,20,11,21
1668,7,17,22,29,19
1669,23,15,0,18,10
1670,6,15,10,18,20
1671,16,8,6,9,26
1672,12,6,21,18,10
1673,19,19,10,19,9
1674,14,7,12,16,19
1675,24,20,16,7,0
1676,11,31,19,14,19
1677,20,18,18,17,6
1678,11,21,13,0,9
1679,9,16,7,6,16
1680,10,1,17,16,10
1681,19,18,13,9,17
1682,15,18,25,21,9
1683,6,16,16,14,16
1684,1,10,5,14,11
1685,12,9,16,13,6
1686,13,3,14,11,7
1687,27,12,6,6,14
1688,6,6,8,17,2
1689,16,11,12,3,16
1690,12,0,11,9,24
1691,11,8,7,6,4
1692,19,6,16,22,24
1693,11,7,14,29,9
1694,15,12,5,9,10
1695,11,19,5,11,18
1696,15,18,5,16,15
1697,23,5,14,20,5
1698,20,3,9,17,14
1699,6,10,8,15,9
1700,3,23,9,4,9
1701,8,8,12,3,12
1702,19,16,17,16,16
1703,6,5,18,17,7
1704,7,12,17,19,10
1705,21,10,8,12,13
1706,12,9,13,10,2
1707,9,15,11,6,26
1708,15,9,7,0,10
1709,15,6,10,13,10
1710,17,16,18,4,10
1711,12,13,24,17,16
1712,10,6,19,13,5
1713,12,19,12,9,12
1714,2,2,4,20,7
1715,16,6,6,10,4
1716,15,11,20,16,9
1717,18,20,6,8,9
1718,8,12,3,5,22
1719,11,10,8,15,15
1720,10,16,11,14,4
1721,13,14,7,11,13
1722,15,15,18,8,18
1723,19,15,17,14,4
1724,11,12,11,19,23
1725,12,8,18,17,4
1726,14,5,20,9,9
1727,6,9,14,13,8
1728,9,4,14,9,0
1729,18,17,12,13,10
1730,12,14,5,10,13
1731,11,9,9,14,12
1732,4,10,7,14,19
1733,15,11,17,7,1
1734,7,3,6,24,9
1735,10,8,11,4,6
1736,15,0,3,17,15
1737,15,17,10,13,9
1738,7,9,15,7,7
1739,10,8,2,14,2
1740,8,27,11,21,17
1741,11,16,18,12,16
1742,9,7,5,7,9
1743,5,18,13,7,13
1744,11,12,7,7,11
1745,17,8,13,17,17
1746,12,0,19,6,5
1747,12,10,18,11,7
1748,14,19,5,12,21
1749,24,3,8,9,6
1750,9,16,21,15,3
1751,13,3,9,9,17
1752,7,8,12,1,13
1753,12,25,17,6,15
1754,15,7,9,9,7
1755,16,18,19,5,6
1756,10,12,16,7,7
1757,5,7,12,24,7
1758,19,20,10,22,10
1759,16,5,7,6,17
1760,19,10,1,15,13
1761,11,24,20,17,16
1762,5,5,11,14,7
1763,9,22,11,18,24
1764,16,11,1,7,20
1765,14,7,18,16,13
1766,10,8,8,15,15
1767,15,19,5,10,8
1768,16,17,12,1,19
1769,19,7,16,4,21
1770,3,2,15,1,10
1771,13,18,10,6,16
1772,7,0,7,5,17
1773,5,8,7,5,16
1774,19,9,17,11,15
1775,10,3,3,17,17
1776,10,6,9,0,5
1777,2,13,16,22,4
1778,0,1,11,15,10
1779,6,12,23,24,12
1780,8,11,18,5,4
1781,8,4,10,16,0
1782,10,6,16,6,18
1783,12,21,19,4,9
1784,15,9,7,20,4
1785,6,15,0,13,6
1786,12,14,12,10,18
1787,2,10,18,14,15
1788,18,12,7,8,8
1789,13,6,22,14,14
1790,11,9,5,5,22
1791,7,19,21,18,10
1792,7,12,11,17,17
1793,3,13,3,12,18
1794,11,10,15,16,15
1795,9,7,6,6,5
1796,5,15,10,7,8
1797,24,8,6,0,16
1798,11,15,6,6,4
1799,20,14,13,12,18
1800,11,13,5,11,9
1801,17,4,34,19,6
1802,17,15,26,7,0
1803,15,6,19,12,22
1804,12,17,0,12,6
1805,13,0,9,24,14
1806,20,20,3,13,13
1807,4,15,18,15,22
1808,19,5,3,6,5
1809,7,15,14,10,10
1810,6,7,7,3,15
1811,13,6,0,11,3
1812,9,3,3,19,10
1813,5,21,9,0,18
1814,17,4,8,22,26
1815,10,3,20,11,18
1816,11,2,26,19,8
1817,15,16,16,10,13
1818,19,5,12,7,25
1819,19,2,16,14,8
1820,11,11,18,16,8
1821,17,12,17,10,13
1822,14,9,18,9,9
1823,20,14,13,5,9
1824,4,20,21,4,6
1825,2,8,8,3,12
1826,9,19,21,18,11
1827,18,17,16,9,8
1828,6,5,9,5,6
1829,13,13,15,12,18
1830,9,4,15,13,10
1831,13,25,10,14,8
1832,12,22,8,20,18
1833,16,11,23,8,18
1834,8,8,23,21,9
1835,13,11,5,16,11
1836,8,19,1,11,5
1837,16,5,12,1,4
1838,17,17,13,14,10
1839,16,15,3,0,12
1840,13,6,19,10,7
1841,0,16,12,8,8
1842,5,13,7,4,9
1843,4,13,14,4,6
1844,17,14,9,13,4
1845,8,14,6,12,18
1846,13,10,6,19,16
1847,8,18,11,5,16
1848,10,18,19,17,19
1849,20,12,5,6,17
1850,17,4,13,12,9
1851,9,3,14,13,15
1852,7,16,18,26,8
1853,15,18,5,0,10
1854,13,7,12,16,20
1855,11,17,11,15,11
1856,8,13,19,3,17
1857,14,0,10,9,13
1858,16,9,16,18,18
1859,8,10,18,14,3
1860,7,17,10,7,9
1861,23,15,2,7,16
1862,8,18,14,5,16
1863,11,2,17,21,15
1864,11,16,14,8,16
1865,12,22,9,13,12
1866,18,9,5,13,19
1867,10,3,21,8,7
1868,7,9,4,1,5
1869,14,9,15,11,7
1870,16,12,9,0,5
1871,9,15,20,16,18
1872,4,7,12,9,6
1873,14,14,16,5,15
1874,7,3,6,0,11
1875,14,6,6,6,10
1876,20,2,4,17,17
1877,3,17,18,13,7
1878,7,33,5,16,0
1879,7,7,20,12,16
1880,9,17,6,13,15
1881,16,15,11,8,0
1882,16,13,8,5,10
1883,10,13,4,3,2
1884,12,5,16,13,23
1885,16,8,12,7,17
1886,6,6,16,11,6
1887,9,25,11,17,4
1888,18,8,10,12,0
1889,14,9,2,9,19
1890,14,12,4,12,9
1891,15,10,20,24,16
1892,14,15,11,12,14
1893,8,21,6,13,12
1894,15,6,11,0,15
1895,12,11,5,9,19
1896,10,4,6,8,12
1897,14,14,6,19,15
1898,12,8,9,16,18
1899,14,2,15,14,0
1900,12,17,8,13,10
1901,1,9,22,6,2
1902,15,28,12,16,9
1903,15,5,17,15,17
1904,9,18,10,24,9
1905,17,5,16,13,5
1906,12,5,18,7,13
1907,12,16,13,29,18
1908,16,4,6,6,16
1909,23,16,16,10,18
1910,13,14,11,11,19
1911,2,6,8,22,6
1912,3,8,15,10,18
1913,11,6,21,7,12
1914,13,14,5,4,14
1915,16,6,20,8,9
1916,2,12,12,13,17
1917,12,18,6,18,2
1918,11,14,9,17,27
1919,12,15,13,18,15
1920,7,5,5,16,5
1921,6,12,11,4,16
1922,6,3,9,11,14
1923,9,13,6,10,6
1924,15,3,11,2,13
1925,5,20,17,7,5
1926,11,5,16,15,24
1927,16,17,6,17,4
1928,10,6,16,16,11
1929,12,7,21,4,3
1930,9,19,7,3,2
1931,15,8,4,6,3
1932,16,8,4,19,18
1933,20,6,23,7,19
1934,14,3,20,7,15
1935,6,4,21,16,4
1936,16,12,11,2,14
1937,14,14,19,17,14
1938,10,12,7,15,6
1939,16,1,11,10,15
1940,14,4,17,22,17
1941,10,5,18,6,5
1942,8,5,21,15,13
1943,17,8,10,3,10
1944,10,6,13,3,7
1945,9,3,5,8,16
1946,10,17,16,10,16
1947,12,2,9,4,16
1948,13,6,10,13,6
1949,4,3,8,2,20
1950,11,7,16,7,10
1951,21,0,7,7,3
1952,6,16,13,7,13
1953,12,1,19,10,18
1954,5,12,15,6,16
1955,17,19,6,15,25
1956,21,15,14,23,12
1957,7,22,3,7,9
1958,14,6,19,21,18
1959,8,6,17,9,13
1960,12,13,2,13,15
1961,19,2,20,13,11
1962,13,12,13,20,8
1963,15,5,11,9,10
1964,15,15,5,5,26
1965,13,3,7,9,8
1966,12,14,24,22,10
1967,7,21,13,5,4
1968,16,11,8,0,6
1969,10,15,11,24,18
1970,10,7,1,10,0
1971,5,16,12,24,6
1972,15,9,19,6,6
1973,9,19,20,23,4
1974,5,9,17,7,10
1975,9,12,8,15,16
1976,29,12,1,9,10
1977,18,12,12,9,15
1978,4,16,15,15,10
1979,12,18,0,10,15
1980,7,12,8,4,13
1981,16,12,3,13,12
1982,7,11,9,15,17
1983,17,4,27,11,9
1984,11,17,6,24,17
1985,13,7,22,6,16
1986,10,10,9,11,22
1987,11,28,18,5,18
1988,19,10,15,15,16
1989,9,13,14,18,14
1990,6,14,4,12,6
1991,15,9,5,11,17
1992,11,12,7,1,9
1993,9,9,13,23,21
1994,8,16,15,15,20
1995,11,13,24,9,15
1996,16,17,3,12,7
1997,16,8,11,13,20
1998,12,18,21,12,17
1999,19,10,3,18,8
2000,10,21,9,21,7
2001,15,14,17,24,25
2002,12,14,5,21,11
2003,14,6,23,17,11
2004,22,0,23,19,10
2005,10,14,11,9,20
2006,9,18,9,7,15
2007,17,16,11,7,7
2008,6,17,12,8,7
2009,4,11,10,20,3
2010,9,10,7,21,11
2011,8,4,2,14,14
2012,5,11,6,11,3
2013,16,7,7,20,20
2014,10,15,6,9,9
2015,22,7,18,0,5
2016,7,22,10,11,13
2017,3,16,10,8,12
2018,12,7,13,13,16
2019,13,13,17,17,6
2020,9,10,6,15,7
2021,15,13,4,12,0
2022,14,21,32,12,10
2023,10,20,4,2,12
2024,19,0,15,3,3
2025,5,17,12,6,19
2026,15,16,19,11,13
2027,13,9,6,9,6
2028,17,11,0,23,5
2029,10,10,14,8,20
2030,14,6,4,6,8
2031,12,8,9,19,14
2032,5,6,12,9,9
2033,15,5,15,10,15
2034,22,6,5,14,20
2035,4,16,12,10,16
2036,9,7,10,16,16
2037,11,9,2,5,16
2038,16,11,4,18,1
2039,11,6,15,25,12
2040,17,18,16,7,14
2041,5,21,15,3,15
2042,11,2,15,20,18
2043,16,14,20,6,21
2044,14,5,21,15,7
2045,14,19,13,6,4
2046,21,17,15,5,18
2047,13,18,11,22,7
2048,10,16,10,0,9
2049,5,19,18,8,4
2050,14,17,12,0,15
2051,9,6,13,10,0
2052,19,16,6,4,4
2053,15,12,11,29,6
2054,13,8,6,10,3
2055,8,8,3,11,14
2056,12,9,17,16,9
2057,10,2,3,9,5
2058,5,3,11,25,18
2059,19,10,8,23,10
2060,3,6,9,6,10
2061,11,6,10,5,11
2062,16,7,14,20,12
2063,18,9,12,9,2
2064,17,4,6,8,13
2065,6,10,20,4,13
2066,11,16,24,8,19
2067,7,7,10,8,9
2068,14,4,15,7,14
2069,16,11,1,10,10
2070,13,6,15,6,10
2071,20,24,13,23,5
2072,10,5,9,14,16
2073,5,12,8,19,12
2074,12,17,6,20,10
2075,17,5,10,4,3
2076,20,10,15,12,19
2077,16,7,9,2,22
2078,14,13,22,24,19
2079,11,6,2,20,6
2080,6,22,5,19,8
2081,10,11,22,18,9
2082,13,10,0,7,8
2083,14,11,24,9,23
2084,16,14,3,9,29
2085,8,12,18,2,14
2086,6,26,21,11,7
2087,8,12,16,17,0
2088,14,6,10,11,13
2089,14,9,16,11,6
2090,18,28,0,14,19
2091,11,4,27,4,12
2092,9,15,4,6,6
2093,5,18,21,17,8
2094,3,9,22,23,16
2095,7,7,8,14,7
2096,7,6,17,15,4
2097,4,11,20,0,9
2098,9,17,6,4,1
2099,20,19,14,7,7
2100,19,6,16,23,8
2101,23,23,4,22,11
2102,2,16,7,14,9
2103,20,8,10,14,7
2104,7,4,2,9,18
2105,22,10,9,5,14
2106,6,23,13,19,7
2107,12,11,13,13,5
2108,18,5,2,21,10
2109,11,6,15,6,15
2110,5,14,18,16,7
2111,17,6,3,10,7
2112,12,3,14,7,7
2113,15,14,18,15,11
2114,9,8,3,1,4
2115,11,6,9,16,11
2116,0,13,12,8,8
2117,4,11,12,5,5
2118,15,5,17,4,21
2119,18,23,10,15,9
2120,16,5,12,4,6
2121,8,17,1,19,3
2122,12,23,10,9,6
2123,7,6,10,17,8
2124,17,20,22,8,4
2125,14,14,7,21,24
2126,7,12,4,16,7
2127,21,5,22,6,7
2128,4,17,19,5,6
2129,9,12,7,4,19
2130,6,19,19,10,11
2131,13,18,0,19,19
2132,19,16,29,4,13
2133,11,9,17,15,17
2134,9,6,0,9,13
2135,6,8,17,5,22
2136,12,8,22,13,10
2137,15,17,17,16,11
2138,8,9,16,11,15
2139,10,15,2,5,6
2140,11,8,3,20,6
2141,21,17,26,11,6
2142,10,8,9,21,12
2143,6,11,11,27,7
2144,11,3,10,13,23
2145,21,0,16,10,10
2146,11,11,21,19,3
2147,21,14,5,9,16
2148,19,22,11,17,24
2149,5,12,11,7,11
2150,16,13,3,15,13
2151,22,9,24,4,18
2152,14,17,1,2,14
2153,8,7,13,17,11
2154,8,9,6,10,4
2155,9,14,13,21,19
2156,18,7,21,16,6
2157,19,18,11,23,18
2158,12,22,4,7,10
2159,16,8,6,25,8
2160,0,10,10,20,14
2161,13,9,20,10,7
2162,0,19,13,15,18
2163,3,10,9,14,12
2164,11,9,15,17,9
2165,15,9,14,7,18
2166,12,10,15,16,12
2167,10,10,13,4,5
2168,2,1,7,7,16
2169,13,4,24,2,9
2170,8,6,18,13,2
2171,10,0,14,18,5
2172,7,5,9,9,12
2173,17,6,8,18,14
2174,13,13,13,6,7
2175,15,17,18,7,8
2176,15,14,15,5,0
2177,0,6,7,15,17
2178,7,11,6,9,12
2179,5,17,16,7,12
2180,7,5,5,27,18
2181,15,0,6,2,14
2182,16,8,28,8,6
2183,13,10,9,11,14
2184,9,22,6,6,0
2185,16,4,8,4,18
2186,8,11,18,7,12
2187,5,20,18,6,8
2188,13,7,4,14,15
2189,8,18,22,9,8
2190,6,13,4,6,19
2191,8,10,12,7,7
2192,18,21,2,3,19
2193,15,6,8,14,22
2194,14,12,11,4,21
2195,15,16,8,5,7
2196,8,4,16,9,14
2197,15,23,15,9,22
2198,12,14,16,5,16
2199,21,16,13,9,12
2200,19,12,2,12,18
2201,22,10,6,3,21
2202,11,4,17,15,9
2203,11,13,6,10,8
2204,15,19,10,6,15
2205,18,14,8,7,11
2206,15,19,21,11,12
2207,8,10,12,13,13
2208,18,13,15,12,8
2209,11,14,18,21,15
2210,11,17,14,15,7
2211,8,7,8,0,6
2212,6,9,5,11,21
2213,15,10,4,11,6
2214,7,10,7,2,16
2215,6,9,20,18,16
2216,4,20,14,11,11
2217,19,14,7,24,5
2218,2,13,11,17,10
2219,23,2,10,10,4
2220,5,18,15,19,8
2221,17,7,19,6,17
2222,12,12,17,9,13
2223,12,20,6,5,20
2224,16,19,13,11,14
2225,16,19,7,10,5
2226,10,10,13,6,23
2227,6,8,9,15,20
2228,21,8,16,23,7
2229,13,18,6,14,4
2230,8,19,1,22,9
2231,2,21,5,11,15
2232,7,0,3,5,19
2233,15,5,19,20,11
2234,5,11,9,8,15
2235,15,5,10,1,13
2236,8,20,14,9,5
2237,19,9,12,12,12
2238,11,16,3,24,6
2239,14,19,2,2,12
2240,11,18,16,19,18
2241,14,15,12,8,8
2242,16,8,10,1,19
2243,10,6,3,8,6
2244,11,18,5,10,16
2245,3,18,6,15,16
2246,9,6,21,9,9
2247,10,20,15,8,3
2248,17,17,16,15,21
2249,7,7,0,11,12
2250,15,11,0,3,6
2251,16,12,7,13,22
2252,15,6,18,13,5
2253,9,2,0,16,20
2254,17,12,16,16,18
2255,21,8,12,14,10
2256,18,3,19,19,19
2257,10,15,8,4,3
2258,11,5,22,5,6
2259,12,15,6,19,20
2260,19,4,12,3,20
2261,18,16,17,4,3
2262,19,7,6,8,14
2263,10,13,9,6,0
2264,12,13,11,8,5
2265,10,9,9,4,15
2266,11,10,13,11,8
2267,16,14,10,5,2
2268,8,10,5,5,6
2269,7,11,22,4,23
2270,4,10,20,14,14
2271,7,8,10,14,10
2272,13,25,16,10,12
2273,11,15,2,7,21
2274,15,8,12,8,7
2275,20,9,28,6,16
2276,7,24,9,19,3
2277,8,5,17,10,6
2278,15,11,18,2,8
2279,14,12,7,13,5
2280,13,20,24,18,13
2281,13,14,10,14,10
2282,22,6,14,0,17
2283,14,15,5,9,6
2284,8,17,5,14,11
2285,10,23,10,12,19
2286,17,18,0,10,13
2287,9,14,17,9,7
2288,7,3,8,16,24
2289,7,17,18,4,21
2290,5,21,22,7,10
2291,9,11,1,9,8
2292,22,10,5,4,22
2293,11,10,14,11,5
2294,16,18,0,11,23
2295,16,19,8,6,24
2296,20,10,17,19,11
2297,12,5,8,4,12
2298,6,12,15,10,22
2299,19,12,5,18,12
2300,20,4,14,4,15
2301,10,10,15,20,16
2302,4,14,19,10,2
2303,10,11,12,15,10
2304,10,3,9,2,4
2305,18,25,10,12,21
2306,14,6,19,6,9
2307,7,13,7,8,6
2308,18,6,21,9,11
2309,8,8,6,14,11
2310,13,16,5,15,16
2311,9,4,18,17,18
2312,15,13,14,14,4
2313,15,8,5,14,3
2314,7,13,17,16,22
2315,12,4,7,21,6
2316,12,0,5,21,12
2317,13,19,25,23,11
2318,5,0,15,7,5
2319,16,3,3,10,6
2320,19,7,14,10,2
2321,12,6,14,9,20
2322,18,4,6,12,10
2323,24,7,10,7,17
2324,12,11,17,27,10
2325,16,5,8,7,5
2326,10,4,6,18,7
2327,11,12,18,7,26
2328,7,7,6,10,12
2329,10,30,20,1,14
2330,13,3,20,9,15
2331,19,16,18,9,8
2332,10,3,3,9,15
2333,6,8,8,6,9
2334,12,2,1,15,16
2335,10,5,16,19,11
2336,17,14,4,8,7
2337,16,18,15,11,21
2338,4,11,11,2,1
2339,7,10,9,20,11
2340,22,12,4,7,3
2341,12,23,7,19,1
2342,9,13,3,17,7
2343,8,11,12,3,0
2344,17,11,0,9,22
2345,11,11,12,9,21
2346,2,11,18,7,7
2347,18,18,4,0,12
2348,20,7,22,6,19
2349,15,11,17,9,7
2350,4,6,10,19,4
2351,17,9,8,10,0
2352,16,11,13,15,17
2353,16,13,8,9,0
2354,3,8,14,11,15
2355,15,12,12,10,24
2356,13,7,0,3,4
2357,6,16,4,6,11
2358,14,14,28,0,4
2359,7,5,17,6,6
2360,12,10,10,29,7
2361,16,9,7,9,15
2362,20,13,16,17,4
2363,4,6,12,15,8
2364,9,6,7,1,18
2365,17,19,6,5,17
2366,15,5,8,8,17
2367,15,16,18,11,16
2368,5,8,5,5,7
2369,12,19,11,19,15
2370,3,7,6,2,5
2371,11,17,2,17,17
2372,5,11,16,3,9
2373,19,10,6,10,8
2374,7,16,3,11,15
2375,15,22,21,23,17
2376,10,13,19,12,14
2377,10,6,13,16,8
2378,7,10,8,7,24
2379,10,18,6,11,10
2380,16,11,10,10,20
2381,14,8,6,11,25
2382,5,19,12,14,7
2383,18,3,5,22,15
2384,11,13,8,19,12
2385,19,6,11,6,18
2386,11,6,9,9,11
2387,16,17,16,18,17
2388,13,16,12,26,5
2389,24,10,8,14,7
2390,7,10,17,16,16
2391,11,8,9,8,21
2392,17,19,13,14,8
2393,12,15,4,5,18
2394,9,10,16,10,7
2395,12,7,17,4,7
2396,5,7,17,10,4
2397,18,20,12,21,2
2398,8,13,17,19,8
2399,6,6,9,14,2
2400,20,13,10,16,3
2401,14,11,8,15,18
2402,5,7,7,15,12
2403,18,4,17,15,9
2404,17,13,19,21,6
2405,16,17,4,20,19
2406,9,13,15,14,10
2407,21,27,12,11,6
2408,18,11,0,15,6
2409,8,4,5,8,20
2410,7,24,9,2,12
2411,16,12,12,12,13
2412,20,0,19,12,6
2413,6,3,27,7,16
2414,18,6,9,5,15
2415,13,17,18,11,25
2416,8,18,9,14,22
2417,14,13,16,7,17
2418,10,20,21,4,22
2419,14,9,12,9,16
2420,21,15,2,14,11
2421,16,11,6,8,17
2422,18,5,20,17,19
2423,5,5,15,6,9
2424,13,6,3,14,8
2425,5,11,8,6,10
2426,10,8,14,13,3
2427,10,10,12,16,4
2428,19,9,10,18,24
2429,25,6,20,15,17
2430,11,6,19,21,13
2431,0,19,8,5,9
2432,17,1,8,8,20
2433,3,18,6,18,13
2434,11,2,13,10,6
2435,10,18,1,24,7
2436,11,12,9,18,6
2437,5,2,23,16,13
2438,9,13,7,15,13
2439,11,10,9,6,7
2440,9,21,13,5,17
2441,22,5,7,17,9
2442,5,18,6,9,17
2443,10,1,18,10,13
2444,16,17,9,13,5
2445,19,16,5,8,19
2446,13,19,5,2,4
2447,6,10,18,10,6
2448,3,3,6,16,13
2449,19,6,8,15,0
2450,7,11,4,17,6
2451,15,6,11,14,7
2452,11,10,3,15,16
2453,10,20,12,18,14
2454,9,4,17,20,23
2455,13,0,9,20,9
2456,0,15,7,18,17
2457,18,11,14,14,15
2458,19,6,2,7,12
2459,5,16,17,8,9
2460,18,11,9,3,6
2461,15,14,6,14,18
2462,5,2,11,27,0
2463,8,8,17,10,11
2464,11,5,10,12,7
2465,16,20,11,14,10
2466,11,21,8,5,11
2467,11,3,12,16,15
2468,10,9,15,5,12
2469,8,17,20,11,12
2470,15,8,14,4,2
2471,2,15,22,7,3
2472,16,15,17,12,10
2473,5,21,5,11,5
2474,16,6,8,4,15
2475,13,19,9,7,4
2476,19,9,17,19,4
2477,6,3,14,11,15
2478,11,14,5,11,10
2479,6,6,0,18,7
2480,9,17,21,19,7
2481,6,5,17,18,4
2482,9,21,6,3,23
2483,15,9,22,6,12
2484,5,12,13,9,4
2485,11,7,2,13,9
2486,15,26,15,15,17
2487,7,4,9,8,4
2488,15,8,21,25,6
2489,7,8,7,23,5
2490,9,8,7,4,12
2491,14,13,15,20,19
2492,17,11,11,9,21
2493,7,10,12,13,10
2494,22,6,7,18,6
2495,16,6,5,15,0
2496,18,11,16,25,20
2497,12,14,11,11,12
2498,11,20,7,5,6
2499,8,26,14,20,13
2500,11,1,19,7,11
2501,19,5,13,15,7
2502,16,21,28,0,19
2503,8,4,31,13,23
2504,12,1,11,5,16
2505,21,11,10,8,13
2506,11,10,12,17,12
2507,4,8,12,7,5
2508,14,7,17,0,25
2509,15,10,0,18,0
2510,14,4,19,6,5
2511,7,22,4,17,22
2512,11,4,14,3,6
2513,12,5,6,16,15
2514,7,27,8,15,12
2515,9,7,6,10,9
2516,10,9,9,0,10
2517,19,12,18,13,9
2518,16,5,21,16,24
2519,4,14,10,12,16
2520,16,17,15,5,6
2521,11,20,16,8,7
2522,12,16,15,11,13
2523,20,8,10,6,19
2524,16,8,4,19,11
2525,12,1,9,4,6
2526,12,18,17,9,22
2527,13,16,15,14,14
2528,8,9,8,16,14
2529,8,13,15,3,0
2530,23,10,19,16,3
2531,13,8,19,13,1
2532,22,9,10,12,12
2533,19,6,5,9,2
2534,8,5,5,5,15
2535,10,5,9,13,18
2536,11,13,17,13,16
2537,6,16,8,2,8
2538,3,14,16,17,8
2539,8,5,16,19,9
2540,8,19,11,3,10
2541,6,19,19,18,4
2542,19,4,14,10,6
2543,17,9,14,5,21
2544,11,6,0,15,8
2545,10,17,1,6,15
2546,20,15,9,16,18
2547,16,6,12,3,10
2548,13,6,10,10,15
2549,14,14,21,16,23
2550,8,5,16,7,13
2551,16,16,10,8,1
2552,3,14,6,4,12
2553,2,11,7,15,2
2554,17,19,16,7,11
2555,12,3,9,6,16
2556,7,9,21,8,13
2557,6,19,4,17,9
2558,16,14,0,14,7
2559,16,22,15,18,31
2560,15,16,14,2,26
2561,12,18,10,14,11
2562,14,17,23,16,25
2563,16,12,19,15,10
2564,15,4,16,9,7
2565,8,13,16,13,16
2566,1,12,20,7,15
2567,15,2,13,25,10
2568,12,24,8,4,3
2569,12,19,13,12,19
2570,5,14,13,9,8
2571,14,15,12,17,18
2572,20,17,13,18,0
2573,12,18,12,6,5
2574,6,6,11,24,2
2575,11,16,13,18,5
2576,8,11,15,14,8
2577,8,17,12,3,3
2578,10,22,19,6,6
2579,19,15,5,0,16
2580,18,20,14,17,5
2581,2,5,10,6,23
2582,9,26,19,13,8
2583,12,21,0,11,19
2584,7,12,13,23,10
2585,7,11,21,7,14
2586,14,3,0,16,14
2587,18,17,14,9,19
2588,14,15,4,11,14
2589,15,10,24,16,21
2590,23,21,16,17,17
2591,2,2,14,6,9
2592,20,5,18,6,17
2593,21,12,16,12,8
2594,11,18,18,10,19
2595,13,12,17,15,18
2596,3,16,3,12,12
2597,14,9,11,7,13
2598,12,21,6,16,13
2599,16,22,22,19,2
2600,7,4,11,10,11
2601,9,8,6,9,13
2602,10,7,16,9,15
2603,24,6,21,11,8
2604,14,8,6,5,5
2605,10,10,13,9,8
2606,4,12,29,2,4
2607,16,16,10,11,9
2608,17,6,13,6,7
2609,21,19,5,9,17
2610,15,15,5,13,9
2611,18,17,19,6,7
2612,6,5,16,16,7
2613,10,18,18,11,24
2614,8,10,6,9,17
2615,8,20,11,10,8
2616,22,11,14,14,15
2617,17,7,14,4,5
2618,8,15,2,6,3
2619,7,10,12,12,20
2620,21,17,15,5,2
2621,13,7,12,14,7
2622,5,6,14,14,9
2623,17,0,7,9,5
2624,8,7,20,12,11
2625,20,0,18,6,21
2626,11,26,5,3,16
2627,5,9,17,18,7
2628,16,18,7,10,17
2629,17,7,4,20,10
2630,9,20,10,13,10
2631,19,24,0,2,16
2632,19,15,7,10,17
2633,15,7,7,0,12
2634,15,6,14,22,15
2635,5,14,14,14,9
2636,14,7,15,14,7
2637,7,0,16,10,24
2638,17,5,14,16,15
2639,19,10,5,7,13
2640,4,9,12,15,12
2641,10,5,6,0,8
2642,16,5,2,9,11
2643,23,20,7,1,3
2644,16,10,7,12,8
2645,4,13,6,20,9
2646,6,16,5,23,10
2647,12,10,7,15,16
2648,16,16,7,9,6
2649,6,9,8,16,8
2650,18,14,15,18,11
2651,2,4,6,1,17
2652,17,17,13,8,11
2653,19,15,15,10,13
2654,20,1,18,9,9
2655,17,20,6,10,12
2656,12,19,17,14,9
2657,8,7,7,2,7
2658,16,14,12,12,12
2659,10,4,10,10,18
2660,12,23,16,12,6
2661,10,31,7,15,1
2662,13,0,21,18,14
2663,10,10,6,12,10
2664,9,6,11,17,15
2665,6,8,4,15,14
2666,4,11,19,16,10
2667,7,22,12,10,9
2668,5,9,6,20,6
2669,5,16,5,6,10
2670,5,10,5,16,18
2671,1,24,8,3,16
2672,8,3,20,6,12
2673,11,18,25,0,17
2674,6,20,2,14,21
2675,14,9,16,19,6
2676,7,20,14,4,16
2677,6,15,14,17,10
2678,9,17,12,10,14
2679,17,6,9,9,18
2680,15,15,18,9,7
2681,12,5,21,11,19
2682,0,13,13,12,7
2683,11,16,7,17,4
2684,10,18,12,12,20
2685,5,7,9,23,15
2686,19,7,13,19,9
2687,1,13,15,6,9
2688,7,19,2,6,17
2689,12,9,8,11,14
2690,9,11,3,10,22
2691,15,13,13,16,7
2692,15,7,12,12,15
2693,4,14,15,10,5
2694,17,10,13,19,6
2695,23,19,10,1,17
2696,7,5,13,19,21
2697,11,16,10,6,9
2698,17,12,15,15,16
2699,15,4,9,14,7
2700,14,8,4,6,8
2701,16,25,22,5,5
2702,13,25,9,20,9
2703,12,10,2,9,18
2704,6,7,16,7,3
2705,8,14,15,2,8
2706,11,3,3,17,0
2707,20,4,4,18,8
2708,6,8,6,8,11
2709,21,18,7,13,18
2710,12,16,14,6,3
2711,6,14,6,0,15
2712,11,6,14,19,5
2713,7,4,15,29,8
2714,10,17,23,16,10
2715,18,6,1,9,12
2716,17,17,16,10,11
2717,12,4,5,9,18
2718,11,16,5,16,16
2719,6,12,21,18,9
2720,7,22,5,10,10
2721,16,12,7,6,19
2722,19,25,3,16,5
2723,12,19,14,10,6
2724,18,8,10,17,19
2725,5,9,17,15,7
2726,9,7,22,23,13
2727,24,13,9,5,19
2728,7,19,23,1,4
2729,12,0,4,9,17
2730,17,17,7,18,7
2731,12,8,11,6,15
2732,16,7,17,12,1
2733,6,13,7,11,11
2734,16,19,24,5,10
2735,2,7,9,16,15
2736,4,22,18,8,4
2737,7,15,12,9,23
2738,16,5,5,5,13
2739,6,2,10,10,15
2740,17,7,20,8,15
2741,9,7,19,6,17
2742,17,9,13,9,9
2743,8,23,2,17,11
2744,5,3,10,1,4
2745,10,18,12,19,17
2746,10,6,14,14,19
2747,15,3,10,10,4
2748,22,23,4,9,11
2749,7,12,13,8,7
2750,18,4,6,16,4
2751,6,13,15,3,7
2752,5,4,9,24,15
2753,4,8,7,15,12
2754,16,12,14,15,2
2755,8,12,10,2,6
2756,6,16,15,6,10
2757,11,17,17,14,36
2758,9,18,0,5,14
2759,15,21,24,8,12
2760,9,15,3,11,19
2761,9,3,8,16,10
2762,15,0,17,23,14
2763,6,13,4,11,16
2764,10,20,22,11,16
2765,4,10,14,9,0
2766,2,18,5,10,5
2767,23,16,24,17,5
2768,6,18,4,9,3
2769,15,23,14,21,15
2770,5,4,6,17,12
2771,2,16,16,3,11
2772,1,12,4,19,11
2773,19,10,18,21,15
2774,15,11,9,11,7
2775,14,15,17,12,16
2776,19,15,12,9,27
2777,18,11,6,7,7
2778,19,9,13,6,6
2779,21,12,4,20,9
2780,15,14,13,7,28
2781,21,20,8,9,12
2782,6,18,17,22,15
2783,7,12,0,13,7
2784,14,11,13,23,19
2785,19,3,10,19,5
2786,20,27,14,16,17
2787,13,18,7,17,14
2788,19,7,18,2,3
2789,20,18,17,25,10
2790,3,8,7,18,17
2791,11,18,7,12,3
2792,17,16,25,13,20
2793,21,0,5,16,1
2794,15,15,10,11,18
2795,15,16,18,29,8
2796,5,15,15,12,12
2797,13,14,16,20,17
2798,12,21,2,12,7
2799,15,7,1,13,8
2800,12,22,9,9,2
2801,6,18,5,15,11
2802,11,8,25,11,25
2803,16,21,10,2,17
2804,16,7,4,17,5
2805,22,8,9,5,5
2806,12,4,9,12,12
2807,17,17,1,8,3
2808,5,22,6,4,15
2809,19,11,10,21,9
2810,12,3,16,0,8
2811,11,22,20,4,22
2812,10,7,1,10,16
2813,14,0,6,3,20
2814,10,3,3,16,8
2815,16,4,7,21,17
2816,13,9,17,13,13
2817,14,5,10,3,17
2818,0,17,7,11,14
2819,5,17,7,7,17
2820,13,19,20,4,3
2821,7,18,13,19,12
2822,14,6,6,2,10
2823,7,8,19,2,17
2824,5,12,18,19,21
2825,16,21,7,17,13
2826,14,0,9,16,21
2827,7,17,6,23,8
2828,6,9,13,20,12
2829,7,19,25,2,2
2830,15,8,13,20,19
2831,17,4,17,19,4
2832,16,8,13,5,13
2833,8,13,15,8,9
2834,15,21,10,7,14
2835,6,13,17,14,23
2836,18,11,6,12,6
2837,13,22,16,24,14
2838,19,11,6,16,10
2839,21,14,15,17,17
2840,12,16,8,10,2
2841,14,15,7,12,12
2842,12,15,26,16,10
2843,11,24,6,20,3
2844,11,6,20,22,10
2845,6,4,7,9,15
2846,12,9,18,14,11
2847,15,11,17,3,18
2848,9,19,1,5,18
2849,18,8,9,6,5
2850,17,14,7,12,4
2851,7,10,8,12,8
2852,5,9,8,21,26
2853,8,1,12,16,19
2854,12,11,16,7,13
2855,12,21,15,3,12
2856,6,4,1,19,3
2857,24,12,7,8,5
2858,10,0,19,10,17
2859,21,4,18,9,12
2860,4,2,12,12,21
2861,16,12,23,8,12
2862,11,5,13,25,28
2863,5,11,16,11,10
2864,4,11,19,5,0
2865,20,8,4,10,13
2866,11,7,19,21,6
2867,6,13,17,21,4
2868,7,6,7,7,25
2869,19,2,19,10,6
2870,10,11,6,8,13
2871,16,9,15,9,2
2872,22,18,16,8,13
2873,13,9,11,10,5
2874,9,5,9,19,4
2875,8,12,9,26,6
2876,18,16,6,10,7
2877,6,9,17,8,11
2878,6,7,0,4,18
2879,8,10,7,14,15
2880,10,4,4,16,20
2881,17,8,22,21,9
2882,12,15,8,0,15
2883,17,10,11,2,5
2884,15,12,6,17,16
2885,16,10,11,4,15
2886,17,8,17,19,20
2887,12,16,16,10,16
2888,12,19,21,17,9
2889,9,2,6,7,17
2890,21,5,19,18,8
2891,12,9,10,19,25
2892,13,15,7,11,13
2893,15,23,3,5,17
2894,3,12,7,2,9
2895,8,4,15,18,15
2896,7,17,12,14,8
2897,0,14,3,17,0
2898,27,14,4,7,15
2899,25,14,16,6,7
2900,11,11,9,24,7
2901,0,15,17,13,8
2902,1,12,15,18,10
2903,14,8,6,4,6
2904,10,16,16,0,2
2905,6,9,11,6,10
2906,7,3,20,26,18
2907,11,17,0,12,13
2908,16,14,15,12,16
2909,8,10,12,9,30
2910,9,14,7,6,3
2911,15,28,5,5,18
2912,16,4,6,8,6
2913,12,16,11,4,21
2914,7,5,9,4,6
2915,13,18,10,18,13
2916,7,6,18,22,14
2917,15,8,7,4,15
2918,3,20,4,8,18
2919,20,16,7,21,10
2920,10,9,10,0,26
2921,8,10,9,7,12
2922,9,10,1,13,6
2923,10,12,17,7,8
2924,11,6,16,16,13
2925,15,2,15,7,14
2926,17,11,10,12,4
2927,9,15,3,2,4
2928,1,3,16,20,17
2929,11,16,2,6,2
2930,1,6,8,6,13
2931,17,14,6,6,7
2932,12,9,19,15,7
2933,15,11,17,4,17
2934,15,4,11,15,4
2935,8,11,17,2,17
2936,6,16,12,22,8
2937,19,9,11,9,9
2938,2,9,2,5,8
2939,20,4,5,14,22
2940,11,21,15,4,14
2941,7,14,6,4,2
2942,6,10,19,7,13
2943,1,2,19,18,11
2944,0,14,21,9,10
2945,18,15,12,6,16
2946,17,6,18,28,11
2947,17,14,11,18,16
2948,12,14,6,8,9
2949,12,6,7,7,2
2950,18,11,12,18,18
2951,4,4,20,6,3
2952,19,12,0,15,8
2953,5,18,12,16,20
2954,10,3,9,13,14
2955,11,17,18,5,2
2956,20,6,12,10,9
2957,11,9,6,4,10
2958,21,7,16,17,2
2959,6,4,5,10,5
2960,5,10,24,6,7
2961,15,9,17,7,19
2962,13,21,4,11,16
2963,20,20,13,18,8
2964,7,6,13,15,6
2965,15,6,13,10,12
2966,14,9,0,17,21
2967,11,12,10,22,7
2968,6,7,6,12,9
2969,18,14,12,6,17
2970,14,12,7,5,0
2971,9,9,7,0,3
2972,9,15,8,7,12
2973,19,13,26,6,20
2974,11,0,0,16,9
2975,8,20,11,16,13
2976,12,15,5,3,8
2977,14,12,17,7,13
2978,22,9,16,12,14
2979,7,12,17,11,18
2980,9,7,16,0,14
2981,9,13,12,21,0
2982,15,18,5,16,12
2983,7,22,11,11,9
2984,17,7,15,5,18
2985,17,8,4,20,14
2986,13,3,14,11,10
2987,6,8,18,5,25
2988,15,9,9,5,15
2989,15,12,0,11,10
2990,10,13,9,2,18
2991,5,4,9,16,19
2992,5,10,15,14,21
2993,18,12,0,5,18
2994,11,10,7,10,7
2995,13,4,4,18,1
2996,4,5,7,17,15
2997,12,8,17,7,12
2998,10,19,11,4,12
2999,18,4,14,10,9
3000,5,5,11,9,7
3001,18,5,7,10,0
3002,12,5,18,5,12
3003,18,9,17,24,6
3004,18,4,7,10,9
3005,7,13,21,6,10
3006,10,17,8,0,14
3007,15,20,19,17,14
3008,6,14,15,10,5
3009,11,12,17,21,12
3010,6,15,5,13,16
3011,21,16,13,6,15
3012,8,21,8,15,5
3013,13,6,17,11,3
3014,18,12,8,5,6
3015,7,23,11,18,12
3016,5,5,23,10,5
3017,18,8,8,3,17
3018,6,11,9,14,5
3019,8,19,6,21,15
3020,10,19,14,6,21
3021,1,17,10,12,2
3022,9,14,16,12,14
3023,17,22,6,2,9
3024,8,23,20,9,20
3025,9,15,5,20,7
3026,4,16,18,20,13
3027,11,14,5,18,11
3028,14,11,7,18,8
3029,10,0,5,8,11
3030,13,10,32,10,9
3031,15,10,19,16,16
3032,18,16,15,19,11
3033,8,11,19,5,5
3034,8,15,12,15,21
3035,16,13,12,17,12
3036,11,12,19,19,13
3037,16,18,20,2,7
3038,0,10,26,1,11
3039,10,16,11,6,16
3040,19,8,0,9,3
3041,15,6,18,21,2
3042,13,11,4,6,10
3043,16,0,17,19,4
3044,21,8,19,5,16
3045,6,4,14,8,4
3046,4,22,6,3,9
3047,10,14,6,9,13
3048,12,3,20,18,3
3049,12,7,0,16,14
3050,13,21,8,9,16
3051,6,12,3,7,7
3052,6,14,13,10,6
3053,19,9,18,1,6
3054,14,15,0,5,17
3055,4,14,10,7,7
3056,28,17,16,1,17
3057,5,22,0,4,4
3058,13,17,6,23,10
3059,10,19,14,8,7
3060,20,11,15,20,9
3061,9,15,1,17,4
3062,9,12,4,10,13
3063,14,4,10,2,8
3064,6,13,18,19,2
3065,13,3,20,16,13
3066,14,17,14,11,8
3067,9,5,18,13,6
3068,9,1,12,20,15
3069,11,1,12,3,12
3070,15,11,13,4,1
3071,7,8,21,3,16
3072,11,19,13,10,11
3073,14,15,24,8,9
3074,14,18,22,8,12
3075,11,9,13,6,26
3076,8,7,8,12,12
3077,7,18,3,21,5
3078,9,7,10,17,16
3079,14,13,13,19,1
3080,13,5,3,22,10
3081,10,5,7,8,18
3082,7,11,6,7,7
3083,7,11,6,10,11
3084,13,16,19,26,14
3085,17,12,16,10,23
3086,12,15,19,17,14
3087,16,14,1,2,15
3088,16,8,8,6,11
3089,10,15,3,17,7
3090,11,16,14,14,14
3091,15,16,14,5,11
3092,8,29,15,2,15
3093,12,4,10,19,18
3094,22,19,9,17,18
3095,10,4,5,4,13
3096,8,10,16,2,11
3097,13,4,18,13,7
3098,4,11,12,12,12
3099,16,18,6,16,20
3100,7,18,7,16,5
3101,10,2,11,18,14
3102,14,0,5,12,3
3103,7,11,23,12,7
3104,12,9,6,6,6
3105,6,19,4,11,10
3106,9,17,16,21,5
3107,9,17,6,7,18
3108,10,8,3,21,5
3109,7,11,10,2,16
3110,6,7,26,6,3
3111,8,12,6,3,15
3112,10,9,7,0,9
3113,5,13,17,17,14
3114,12,23,8,11,6
3115,17,5,21,23,19
3116,17,5,23,2,5
3117,16,6,10,14,21
3118,10,10,11,11,15
3119,16,14,25,16,11
3120,8,9,5,17,20
3121,23,13,20,17,4
3122,9,17,9,20,21
3123,12,18,18,11,5
3124,11,17,12,4,16
3125,21,3,28,15,16
3126,21,13,2,6,2
3127,10,14,10,11,30
3128,16,0,15,18,6
3129,17,10,5,12,12
3130,14,7,17,1,6
3131,13,15,7,13,4
3132,12,14,5,6,16
3133,10,17,8,9,10
3134,12,7,11,8,4
3135,18,26,18,12,16
3136,5,12,12,14,0
3137,21,9,10,6,14
3138,5,14,6,22,9
3139,13,17,17,15,19
3140,4,8,5,14,5
3141,8,19,16,9,10
3142,21,5,13,19,7
3143,7,16,5,14,13
3144,7,14,2,14,1
3145,21,0,7,20,8
3146,14,12,15,14,6
3147,3,19,15,12,7
3148,12,6,14,15,15
3149,12,6,20,32,6
3150,11,6,9,18,15
3151,19,19,26,14,20
3152,5,18,16,6,13
3153,19,9,9,18,13
3154,18,16,4,18,24
3155,22,10,13,18,7
3156,21,14,15,7,9
3157,13,4,11,18,12
3158,5,17,9,17,6
3159,7,6,12,4,17
3160,13,18,10,13,15
3161,16,19,11,24,16
3162,10,12,0,7,4
3163,12,17,13,14,20
3164,10,15,19,12,9
3165,11,6,16,23,6
3166,17,3,17,11,7
3167,11,15,6,11,18
3168,4,19,11,20,12
3169,9,4,4,10,19
3170,11,18,13,11,14
3171,15,10,6,9,14
3172,8,5,1,17,14
3173,15,14,18,21,28
3174,4,13,11,17,20
3175,8,10,19,14,4
3176,8,5,10,0,4
3177,10,8,10,4,7
3178,13,25,12,11,26
3179,17,12,12,11,10
3180,8,0,14,0,5
3181,16,9,2,6,22
3182,4,16,10,15,16
3183,6,11,12,14,5
3184,11,16,16,11,9
3185,4,20,15,12,15
3186,15,22,18,19,13
3187,11,9,2,19,7
3188,7,17,4,23,13
3189,8,23,21,8,11
3190,22,15,7,8,11
3191,9,28,3,8,14
3192,14,14,2,9,19
3193,17,7,14,7,20
3194,22,13,4,21,6
3195,7,16,10,15,26
3196,17,0,9,13,5
3197,11,3,0,10,21
3198,2,8,25,5,15
3199,22,25,2,15,14
3200,10,3,8,5,7
3201,7,6,12,8,8
3202,17,2,14,11,9
3203,7,3,20,8,17
3204,7,12,12,5,0
3205,1,5,9,14,15
3206,13,22,12,17,16
3207,23,1,20,18,13
3208,8,10,9,20,16
3209,6,14,9,6,24
3210,10,15,19,21,2
3211,15,15,20,6,7
3212,8,15,10,21,19
3213,17,15,14,4,8
3214,11,13,25,13,18
3215,22,25,20,18,7
3216,5,12,22,11,14
3217,13,11,3,9,9
3218,13,9,9,16,11
3219,5,18,12,18,2
3220,17,15,8,14,31
3221,7,18,10,6,11
3222,10,8,27,33,18
3223,21,4,21,16,20
3224,20,9,12,12,20
3225,24,0,17,7,16
3226,5,10,6,19,16
3227,13,5,9,15,6
3228,16,12,12,16,9
3229,14,15,8,10,12
3230,13,8,13,7,22
3231,8,19,12,8,2
3232,3,12,9,3,15
3233,10,12,10,12,0
3234,14,11,16,10,7
3235,19,14,23,8,14
3236,11,10,16,21,1
3237,10,14,14,8,10
3238,6,0,5,5,11
3239,16,23,19,10,1
3240,14,14,17,18,8
3241,20,12,12,14,22
3242,7,9,7,9,3
3243,19,9,4,5,10
3244,15,1,7,17,3
3245,7,11,12,9,8
3246,9,4,17,20,6
3247,0,15,22,2,5
3248,6,7,9,11,13
3249,11,12,7,0,20
3250,20,7,34,12,17
3251,15,6,16,18,28
3252,10,8,6,23,4
3253,15,19,16,15,23
3254,16,21,18,4,0
3255,17,2,5,8,11
3256,11,14,14,21,28
3257,18,10,13,10,6
3258,13,9,12,10,23
3259,11,21,9,10,13
3260,11,10,11,9,9
3261,6,17,10,18,11
3262,15,7,12,5,15
3263,20,8,6,2,10
3264,15,10,6,5,13
3265,6,12,9,10,15
3266,3,6,7,9,9
3267,8,8,9,17,17
3268,15,8,18,10,9
3269,9,12,7,17,25
3270,13,16,11,13,16
3271,13,14,27,6,15
3272,18,22,17,7,13
3273,9,9,17,0,8
3274,13,15,5,17,8
3275,6,18,16,12,14
3276,5,18,8,22,8
3277,19,7,5,15,5
3278,15,13,2,5,10
3279,5,8,18,5,20
3280,15,28,7,3,6
3281,19,10,5,18,14
3282,12,11,18,19,2
3283,9,15,19,23,11
3284,10,5,18,7,2
3285,10,6,4,2,16
3286,4,20,5,11,19
3287,18,9,14,12,13
3288,24,10,14,10,15
3289,3,25,8,5,22
3290,13,11,5,5,14
3291,15,6,12,9,12
3292,18,9,9,24,16
3293,13,13,4,17,12
3294,6,13,14,7,31
3295,17,13,0,13,16
3296,19,12,13,16,11
3297,1,10,6,15,5
3298,12,15,9,16,14
3299,12,2,20,21,9
3300,18,8,12,18,16
3301,11,17,20,13,15
3302,14,8,27,6,9
3303,16,18,12,5,8
3304,6,10,5,4,9
3305,9,17,12,20,16
3306,1,7,8,3,8
3307,21,5,3,15,11
3308,8,8,19,0,13
3309,18,14,2,10,7
3310,13,16,6,14,16
3311,11,3,5,7,2
3312,20,13,5,12,12
3313,11,2,19,13,17
3314,17,8,5,12,9
3315,16,7,5,20,2
3316,11,12,5,28,11
3317,3,0,10,0,14
3318,9,17,24,9,21
3319,12,14,17,6,19
3320,9,19,14,9,21
3321,8,17,7,2,17
3322,14,1,22,5,12
3323,14,22,13,21,11
3324,4,21,18,10,7
3325,15,17,15,22,4
3326,13,24,4,7,6
3327,5,24,6,0,18
3328,21,7,11,20,15
3329,14,11,9,9,10
3330,6,9,3,6,15
3331,11,5,10,23,6
3332,6,16,21,8,6
3333,0,17,19,7,10
3334,1,11,3,15,18
3335,9,9,20,14,22
3336,13,6,3,4,10
3337,20,9,11,14,8
3338,15,13,18,7,17
3339,6,1,13,14,17
3340,16,20,13,9,4
3341,9,6,12,11,5
3342,8,8,7,15,15
3343,13,2,14,18,6
3344,18,7,7,26,16
3345,13,8,6,5,6
3346,15,8,12,9,8
3347,29,17,9,8,24
3348,4,19,18,8,15
3349,19,13,17,11,13
3350,13,21,11,17,1
3351,6,12,11,19,15
3352,7,22,13,11,11
3353,10,18,14,11,5
3354,17,7,9,12,11
3355,13,16,10,23,18
3356,8,20,16,8,16
3357,15,18,4,16,11
3358,10,10,7,4,12
3359,13,21,16,18,16
3360,8,23,6,16,11
3361,4,12,17,8,12
3362,12,16,27,2,16
3363,10,15,19,19,14
3364,5,27,19,15,13
3365,16,12,10,16,3
3366,14,9,14,11,5
3367,14,11,8,7,18
3368,22,4,22,13,0
3369,9,14,12,16,19
3370,16,13,8,17,13
3371,14,4,7,19,20
3372,7,15,0,4,18
3373,9,2,23,23,7
3374,11,16,9,8,9
3375,14,13,6,4,20
3376,10,4,0,5,20
3377,20,12,1,5,3
3378,15,17,3,14,17
3379,14,16,8,3,16
3380,11,8,16,8,4
3381,11,10,15,5,22
3382,15,7,9,6,22
3383,5,6,10,17,8
3384,14,9,5,10,15
3385,4,21,17,23,14
3386,8,16,6,9,6
3387,18,14,6,12,21
3388,10,11,6,7,17
3389,7,11,16,16,16
3390,17,4,23,15,3
3391,5,16,16,0,8
3392,7,12,7,14,26
3393,13,5,5,18,15
3394,4,9,4,13,19
3395,3,9,7,30,15
3396,15,6,2,11,6
3397,22,13,16,5,10
3398,11,5,8,2,18
3399,9,9,3,13,17
3400,9,17,9,21,4
3401,12,19,6,18,17
3402,18,14,16,19,22
3403,16,9,5,6,13
3404,6,4,10,12,0
3405,10,6,6,5,6
3406,10,22,9,8,19
3407,17,3,7,16,11
3408,19,18,11,10,11
3409,16,6,15,9,7
3410,7,16,10,14,10
3411,6,10,14,3,10
3412,11,15,15,8,10
3413,8,9,10,17,6
3414,14,12,18,13,10
3415,17,12,1,6,14
3416,5,0,6,4,8
3417,6,16,19,6,15
3418,15,20,12,21,8
3419,13,20,17,5,6
3420,11,13,10,6,16
3421,6,21,17,8,8
3422,8,13,18,17,4
3423,16,22,20,20,24
3424,6,7,4,10,14
3425,18,11,14,22,17
3426,8,6,20,10,16
3427,13,10,17,12,16
3428,12,17,8,8,5
3429,12,5,14,11,12
3430,8,11,23,14,6
3431,8,17,12,13,23
3432,11,3,3,10,9
3433,13,0,15,9,17
3434,12,22,7,10,16
3435,10,17,12,11,24
3436,16,18,6,8,4
3437,3,16,10,11,8
3438,13,5,4,8,21
3439,9,15,11,19,3
3440,21,12,20,11,20
3441,11,0,16,22,14
3442,12,15,10,6,4
3443,7,10,11,2,1
3444,4,3,11,13,19
3445,3,23,10,0,2
3446,10,11,13,12,21
3447,15,4,15,12,16
3448,20,21,7,14,11
3449,12,8,22,9,6
3450,16,12,4,10,15
3451,5,18,10,17,1
3452,7,15,7,0,3
3453,9,13,1,11,12
3454,14,7,6,16,7
3455,16,14,10,25,20
3456,23,11,19,16,7
3457,4,16,10,9,10
3458,16,7,7,13,18
3459,10,0,20,16,22
3460,6,19,8,8,15
3461,14,12,4,11,4
3462,15,6,16,7,10
3463,16,13,3,10,23
3464,18,9,14,15,6
3465,5,17,1,21,15
3466,23,15,23,2,5
3467,7,6,5,7,11
3468,15,20,16,8,6
3469,12,21,6,14,2
3470,7,15,1,16,8
3471,11,2,15,12,6
3472,20,9,22,7,10
3473,19,2,13,20,6
3474,17,7,4,16,12
3475,10,10,7,10,25
3476,18,9,10,18,0
3477,13,15,19,11,15
3478,16,9,6,6,11
3479,21,11,8,17,7
3480,9,10,20,30,17
3481,20,14,6,7,6
3482,13,7,2,14,17
3483,10,8,5,20,3
3484,13,18,16,13,8
3485,13,9,11,12,6
3486,16,6,22,6,9
3487,15,17,4,7,6
3488,19,18,4,13,7
3489,13,17,6,9,0
3490,22,6,20,6,9
3491,19,14,8,13,10
3492,23,13,19,2,9
3493,17,10,15,8,16
3494,12,8,12,13,2
3495,4,16,13,4,7
3496,4,18,10,19,8
3497,12,9,17,7,11
3498,16,14,11,12,15
3499,17,8,24,7,7
3500,16,4,3,18,19
3501,12,9,14,12,12
3502,13,20,9,5,19
3503,23,8,23,7,2
3504,14,5,14,18,8
3505,18,16,20,17,16
3506,17,14,9,16,24
3507,14,9,9,26,24
3508,6,17,14,15,12
3509,15,18,14,15,11
3510,17,10,11,6,14
3511,7,1,8,12,2
3512,10,6,2,7,6
3513,6,13,19,8,5
3514,26,3,5,11,11
3515,6,18,17,11,16
3516,11,12,9,10,18
3517,20,19,6,8,20
3518,19,13,10,19,23
3519,6,10,4,16,2
3520,12,8,11,21,9
3521,7,18,7,26,5
3522,17,20,3,2,5
3523,23,10,13,8,18
3524,9,11,9,6,14
3525,10,9,0,9,14
3526,3,19,6,4,14
3527,7,2,18,10,5
3528,24,15,17,12,6
3529,8,15,6,16,20
3530,23,10,7,8,10
3531,3,17,13,12,6
3532,18,15,1,7,18
3533,25,23,4,16,8
3534,11,20,18,9,15
3535,11,6,7,6,11
3536,7,1,1,12,17
3537,18,18,7,11,7
3538,15,15,1,0,9
3539,15,14,17,15,19
3540,3,10,8,15,11
3541,12,13,13,14,4
3542,13,11,4,7,10
3543,22,23,10,21,16
3544,12,14,14,0,33
3545,5,2,14,13,17
3546,7,11,10,18,3
3547,14,18,17,0,21
3548,7,0,6,7,6
3549,12,17,17,10,8
3550,14,15,12,6,14
3551,4,20,8,16,12
3552,6,5,6,8,9
3553,8,9,8,33,17
3554,8,4,12,19,3
3555,10,11,7,19,12
3556,14,10,17,3,3
3557,19,11,16,7,22
3558,8,0,22,4,10
3559,21,13,16,11,6
3560,18,18,7,11,20
3561,10,18,12,13,13
3562,7,6,19,8,13
3563,12,7,4,10,13
3564,19,19,10,2,16
3565,9,14,1,21,2
3566,11,17,12,8,15
3567,14,5,5,24,10
3568,16,4,13,10,8
3569,17,19,5,15,20
3570,19,10,7,17,12
3571,15,4,9,11,9
3572,9,16,15,8,16
3573,10,18,12,20,16
3574,9,4,0,20,12
3575,11,3,16,16,13
3576,12,21,6,28,3
3577,15,5,1,4,16
3578,5,17,5,11,5
3579,5,17,3,23,7
3580,12,7,23,19,3
3581,13,19,14,12,7
3582,9,22,4,8,8
3583,20,2,16,16,2
3584,17,15,17,9,16
3585,5,15,3,11,20
3586,8,15,9,22,15
3587,23,7,18,16,12
3588,8,18,5,32,20
3589,7,14,24,10,20
3590,17,7,7,11,11
3591,12,11,13,8,5
3592,16,18,4,6,10
3593,10,19,10,13,11
3594,6,11,10,14,0
3595,5,19,15,7,8
3596,12,18,3,22,13
3597,14,4,27,7,2
3598,17,18,13,14,5
3599,19,8,9,4,7
3600,24,10,6,6,24
3601,19,6,13,8,4
3602,11,10,6,12,7
3603,6,16,7,7,14
3604,27,6,5,17,18
3605,1,9,0,5,24
3606,14,17,9,7,2
3607,15,12,12,3,14
3608,13,10,4,16,14
3609,19,6,10,14,16
3610,25,20,8,12,6
3611,14,16,9,8,22
3612,10,8,8,4,2
3613,16,9,8,4,12
3614,15,8,11,6,2
3615,19,11,1,16,10
3616,5,18,7,20,16
3617,17,10,11,14,10
3618,7,8,11,13,11
3619,8,3,13,11,10
3620,15,11,1,7,3
3621,14,5,1,14,10
3622,1,8,16,16,20
3623,21,15,9,8,12
3624,9,8,22,2,5
3625,15,12,4,6,8
3626,18,5,8,8,15
3627,16,5,4,0,2
3628,15,17,16,12,7
3629,8,12,20,3,18
3630,12,11,20,10,0
3631,17,12,2,4,7
3632,12,15,11,17,0
3633,11,6,3,6,16
3634,7,18,7,19,5
3635,6,12,4,14,11
3636,9,20,12,7,3
3637,12,9,7,24,18
3638,8,16,18,14,14
3639,12,9,2,13,7
3640,13,17,7,7,9
3641,0,11,2,6,11
3642,10,9,16,12,20
3643,14,6,22,20,10
3644,8,7,6,3,10
3645,22,2,5,19,4
3646,19,17,18,7,10
3647,16,6,6,19,4
3648,16,25,4,17,8
3649,9,8,0,22,13
3650,9,9,12,5,6
3651,7,9,4,16,18
3652,21,9,7,16,17
3653,6,6,6,10,4
3654,2,10,21,14,20
3655,15,19,2,12,17
3656,10,14,15,17,14
3657,13,14,3,7,18
3658,17,18,7,11,20
3659,17,3,5,3,14
3660,6,8,20,20,0
3661,10,17,5,20,22
3662,14,7,22,7,4
3663,5,4,14,3,4
3664,11,19,6,13,8
3665,7,8,9,5,16
3666,7,18,6,9,16
3667,12,7,9,9,11
3668,12,14,18,20,16
3669,20,20,20,2,28
3670,10,15,15,16,7
3671,7,7,18,9,14
3672,13,12,20,19,20
3673,7,7,14,11,5
3674,15,17,11,11,11
3675,12,15,9,11,14
3676,16,9,18,3,2
3677,12,10,21,9,18
3678,19,6,4,10,3
3679,13,11,5,16,4
3680,13,18,12,8,16
3681,11,4,17,4,12
3682,20,22,3,11,24
3683,13,2,10,9,15
3684,13,20,16,2,19
3685,16,10,6,8,4
3686,2,13,24,4,8
3687,14,6,6,7,16
3688,3,2,12,3,7
3689,15,18,19,22,1
3690,19,15,21,7,17
3691,5,18,2,12,16
3692,6,13,20,7,14
3693,8,10,6,12,6
3694,12,6,14,8,19
3695,8,6,7,4,11
3696,14,8,11,10,8
3697,3,3,26,5,7
3698,7,14,10,9,8
3699,12,13,18,9,23
3700,7,10,0,1,14
3701,12,21,13,12,2
3702,1,17,18,17,18
3703,11,10,6,13,15
3704,12,14,1,7,13
3705,20,5,7,8,13
3706,12,17,20,19,6
3707,14,6,17,5,5
3708,8,5,6,16,12
3709,20,13,16,17,19
3710,9,12,8,28,20
3711,14,5,14,4,17
3712,15,7,5,15,18
3713,9,5,10,11,18
3714,12,16,10,5,11
3715,18,27,16,10,11
3716,5,16,11,17,20
3717,15,17,3,20,17
3718,7,16,20,24,7
3719,3,6,13,9,9
3720,15,6,8,20,12
3721,9,4,19,6,22
3722,16,13,11,23,12
3723,19,15,3,15,24
3724,8,10,11,9,4
3725,7,3,14,13,10
3726,14,18,4,5,21
3727,13,10,4,16,17
3728,10,2,1,1,19
3729,17,13,5,16,9
3730,10,2,16,11,15
3731,9,8,8,7,16
3732,13,15,10,15,6
3733,9,18,25,8,28
3734,13,5,9,25,10
3735,19,2,4,1,13
3736,0,17,1,12,20
3737,7,17,20,0,5
3738,12,6,16,8,11
3739,14,7,9,7,6
3740,10,7,0,17,17
3741,5,14,12,11,14
3742,7,7,3,15,6
3743,6,11,10,15,7
3744,19,13,11,7,19
3745,4,4,6,22,7
3746,12,22,22,6,9
3747,16,12,10,9,13
3748,18,14,10,20,13
3749,9,9,11,14,11
3750,16,3,13,17,21
3751,13,10,16,7,2
3752,8,17,5,15,6
3753,12,8,17,9,15
3754,9,18,10,9,17
3755,19,20,10,3,7
3756,13,3,15,7,7
3757,8,3,14,9,5
3758,16,7,12,16,12
3759,18,12,2,8,8
3760,19,9,19,17,8
3761,14,11,2,6,9
3762,20,18,15,19,20
3763,13,5,15,15,13
3764,7,7,8,4,13
3765,8,8,2,13,26
3766,11,22,7,7,7
3767,19,17,6,8,7
3768,15,6,9,7,3
3769,11,6,8,13,16
3770,18,9,5,6,6
3771,14,8,22,20,14
3772,13,6,10,10,16
3773,10,21,14,6,8
3774,13,7,12,15,21
3775,17,8,3,3,21
3776,10,10,8,26,21
3777,13,0,19,2,4
3778,8,16,20,16,6
3779,17,0,0,7,10
3780,5,22,12,10,11
3781,14,13,10,14,5
3782,16,15,8,9,3
3783,8,21,4,7,6
3784,9,14,18,10,18
3785,7,10,7,8,12
3786,18,9,6,3,11
3787,7,8,11,20,16
3788,15,9,10,4,15
3789,12,15,16,11,5
3790,8,9,21,7,18
3791,12,10,17,20,7
3792,17,10,20,26,5
3793,17,22,10,6,7
3794,6,9,9,18,14
3795,14,16,4,16,10
3796,8,21,16,3,5
3797,18,0,7,17,17
3798,4,5,21,16,8
3799,14,14,12,1,3
3800,6,10,7,24,0
3801,8,19,4,11,9
3802,7,13,9,8,12
3803,17,8,5,18,0
3804,16,10,12,7,14
3805,1,6,25,13,16
3806,8,33,7,14,11
3807,11,14,4,8,5
3808,9,17,9,17,4
3809,9,9,7,12,16
3810,12,13,5,21,6
3811,6,13,5,12,23
3812,10,20,1,7,7
3813,18,6,6,7,9
3814,2,10,6,13,13
3815,15,4,16,15,11
3816,8,9,6,22,5
3817,16,8,10,14,0
3818,16,17,7,13,7
3819,22,14,17,6,9
3820,6,15,12,12,3
3821,10,7,4,13,3
3822,12,19,14,19,2
3823,18,13,8,13,5
3824,17,13,9,6,15
3825,16,7,11,21,10
3826,6,7,19,5,20
3827,14,10,5,2,20
3828,14,6,22,10,19
3829,21,23,21,5,7
3830,7,16,11,17,4
3831,12,8,4,16,5
3832,11,9,8,8,14
3833,6,6,5,13,7
3834,12,10,16,7,6
3835,9,20,19,8,8
3836,9,13,0,9,4
3837,5,16,10,9,10
3838,19,7,13,7,6
3839,10,10,21,6,28
3840,11,12,9,5,19
3841,12,7,14,13,16
3842,15,7,10,8,11
3843,6,17,16,12,3
3844,19,21,8,7,12
3845,22,5,22,7,10
3846,8,9,23,21,7
3847,4,18,4,7,9
3848,9,3,17,14,8
3849,21,6,20,11,26
3850,8,10,10,6,16
3851,5,18,6,7,5
3852,15,25,27,17,0
3853,15,15,20,2,6
3854,6,10,10,10,18
3855,19,13,8,8,18
3856,22,18,8,15,2
3857,12,23,20,6,28
3858,9,8,15,9,19
3859,11,21,5,5,11
3860,9,10,10,8,7
3861,7,7,17,3,16
3862,11,9,0,6,16
3863,9,6,22,17,15
3864,22,5,1,20,17
3865,18,15,21,10,13
3866,3,3,2,13,15
3867,19,19,10,18,10
3868,7,13,7,16,23
3869,11,4,13,9,1
3870,18,11,16,2,13
3871,7,7,15,5,19
3872,16,5,14,20,15
3873,3,14,12,4,9
3874,6,4,8,5,7
3875,9,13,14,15,15
3876,14,10,4,8,16
3877,17,10,13,17,21
3878,10,10,4,17,6
3879,13,7,15,0,23
3880,15,11,20,13,6
3881,8,15,17,15,13
3882,4,18,15,7,10
3883,3,17,15,3,20
3884,19,13,24,26,8
3885,2,14,2,19,6
3886,13,12,8,5,0
3887,13,6,4,17,18
3888,22,22,11,6,5
3889,17,5,2,23,17
3890,15,9,0,3,12
3891,6,11,14,16,8
3892,6,17,17,12,11
3893,11,4,12,14,13
3894,12,19,16,23,21
3895,6,7,5,1,6
3896,23,21,15,5,13
3897,14,16,16,11,19
3898,12,4,10,1,2
3899,15,16,9,4,12
3900,16,8,3,13,4
3901,18,12,5,7,7
3902,8,4,6,16,1
3903,6,6,13,18,7
3904,15,9,18,4,6
3905,18,14,7,4,16
3906,20,5,9,13,6
3907,3,17,16,16,15
3908,19,30,20,6,10
3909,8,14,15,19,19
3910,15,6,5,2,7
3911,13,7,20,10,21
3912,8,15,17,5,11
3913,19,17,18,14,6
3914,15,3,16,6,6
3915,10,9,7,26,8
3916,12,6,7,2,22
3917,20,13,10,19,14
3918,19,15,16,9,8
3919,15,0,4,6,11
3920,17,7,18,13,10
3921,13,15,8,15,16
3922,15,5,3,26,6
3923,7,17,11,6,10
3924,18,17,19,6,8
3925,9,14,21,9,17
3926,18,11,7,4,20
3927,3,14,10,4,21
3928,20,20,1,16,7
3929,16,5,19,12,14
3930,4,8,0,25,13
3931,14,13,18,4,13
3932,20,11,18,21,16
3933,11,12,19,14,12
3934,10,15,12,21,1
3935,6,11,16,9,10
3936,8,15,2,22,16
3937,16,25,7,5,7
3938,8,17,18,4,0
3939,16,9,8,11,20
3940,11,3,9,5,3
3941,22,20,6,13,9
3942,7,7,16,8,20
3943,10,15,19,9,1
3944,15,20,6,13,8
3945,10,11,15,3,16
3946,11,7,18,18,14
3947,6,8,4,13,7
3948,5,6,5,6,13
3949,24,8,8,15,18
3950,13,16,8,9,15
3951,7,30,14,7,1
3952,16,14,18,13,15
3953,13,16,0,9,11
3954,9,18,8,10,19
3955,9,11,8,11,3
3956,11,10,6,15,17
3957,13,15,12,13,6
3958,6,31,20,4,5
3959,5,8,9,9,14
3960,16,17,16,17,6
3961,13,8,10,15,6
3962,14,11,12,17,18
3963,16,7,3,18,12
3964,11,22,13,7,22
3965,8,5,6,8,10
3966,14,7,11,21,15
3967,15,8,10,5,17
3968,4,6,14,10,4
3969,12,4,10,18,11
3970,11,3,10,20,11
3971,16,15,20,5,18
3972,8,10,24,8,5
3973,14,4,12,21,17
3974,12,2,1,16,21
3975,6,15,3,5,15
3976,6,14,3,4,12
3977,10,18,6,14,4
3978,8,4,13,18,10
3979,14,5,16,4,9
3980,11,12,10,15,8
3981,17,5,24,12,16
3982,5,14,3,3,14
3983,19,9,25,23,18
3984,6,13,27,4,6
3985,17,10,6,15,17
3986,6,10,12,15,17
3987,16,11,13,17,9
3988,17,8,7,8,7
3989,11,0,9,14,2
3990,13,17,17,17,0
3991,18,0,17,14,13
3992,10,21,10,15,23
3993,12,6,7,14,8
3994,7,7,10,10,19
3995,13,8,6,7,6
3996,19,19,18,9,13
3997,25,6,10,15,10
3998,18,6,6,18,22
3999,12,6,3,9,7
4000,5,18,8,9,19
4001,26,15,12,17,11
4002,17,10,11,5,13
4003,4,12,18,8,23
4004,12,13,5,9,10
4005,1,24,7,8,11
4006,12,0,4,13,14
4007,14,11,19,7,17
4008,4,20,5,13,9
4009,12,12,16,14,8
4010,11,8,13,23,20
4011,17,14,6,15,20
4012,4,18,22,5,11
4013,4,7,12,17,20
4014,13,16,15,14,17
4015,9,15,0,13,15
4016,17,11,12,12,15
4017,9,19,11,16,13
4018,11,15,16,5,6
4019,8,18,3,17,7
4020,13,4,22,18,6
4021,6,10,18,8,7
4022,22,19,11,22,16
4023,12,8,17,4,7
4024,18,18,10,19,11
4025,6,14,5,6,8
4026,16,15,19,2,8
4027,21,14,18,8,10
4028,8,14,3,20,8
4029,11,18,14,6,8
4030,6,11,20,22,10
4031,4,10,9,4,14
4032,24,5,3,9,17
4033,5,17,17,8,20
4034,15,5,25,8,6
4035,12,3,11,11,14
4036,14,11,14,20,8
4037,17,13,18,14,7
4038,24,6,10,13,2
4039,17,8,6,6,7
4040,16,13,9,11,11
4041,4,9,7,17,10
4042,15,5,19,15,6
4043,13,12,9,10,19
4044,15,16,12,1,13
4045,12,10,13,13,10
4046,7,0,24,0,14
4047,17,20,7,23,11
4048,13,4,20,12,6
4049,9,18,2,19,9
4050,17,6,3,5,6
4051,11,23,19,4,20
4052,3,7,9,27,12
4053,11,1,7,10,26
4054,9,7,2,6,13
4055,14,18,18,19,22
4056,18,11,16,11,11
4057,18,10,12,13,22
4058,24,2,10,6,6
4059,11,7,19,11,20
4060,18,6,13,9,8
4061,17,21,16,14,19
4062,17,6,18,18,7
4063,8,10,11,11,19
4064,12,9,20,4,2
4065,6,7,14,0,7
4066,14,18,12,8,4
4067,18,8,11,13,20
4068,19,13,4,9,6
4069,15,5,21,17,7
4070,17,9,4,1,8
4071,10,22,10,2,7
4072,17,4,3,20,13
4073,20,5,11,20,20
4074,15,7,3,9,5
4075,11,15,5,19,17
4076,10,8,14,12,11
4077,22,7,21,0,10
4078,8,6,21,10,4
4079,22,5,2,8,23
4080,13,14,20,17,10
4081,11,21,5,9,12
4082,16,13,20,8,3
4083,21,6,11,11,7
4084,5,5,5,23,11
4085,21,22,8,15,0
4086,8,11,13,9,9
4087,16,12,4,8,2
4088,9,13,11,20,8
4089,7,10,25,6,4
4090,20,8,8,9,14
4091,8,26,20,3,25
4092,11,19,17,8,5
4093,10,11,8,14,3
4094,18,12,6,12,14
4095,12,1,6,7,10
4096,8,25,23,0,16
4097,7,12,10,7,16
4098,24,13,11,15,16
4099,11,7,3,3,18
4100,6,14,14,14,3
4101,0,11,12,2,9
4102,20,15,7,20,2
4103,10,0,12,13,6
4104,14,6,9,18,8
4105,16,10,17,11,18
4106,12,17,4,5,8
4107,12,8,15,11,16
4108,5,13,19,13,3
4109,9,8,19,11,5
4110,17,15,12,19,15
4111,1,15,4,10,14
4112,15,22,10,5,11
4113,6,10,15,11,9
4114,12,4,5,1,6
4115,11,17,10,4,11
4116,11,5,27,23,5
4117,13,9,3,11,9
4118,11,9,19,5,8
4119,17,14,14,9,2
4120,12,9,8,4,10
4121,8,23,11,21,9
4122,12,8,8,6,10
4123,15,5,3,6,4
4124,8,14,5,8,14
4125,3,20,9,28,12
4126,12,20,4,24,23
4127,8,8,8,12,20
4128,16,0,16,5,4
4129,13,12,4,18,11
4130,6,10,5,7,1
4131,17,14,13,19,7
4132,18,15,13,14,17
4133,12,7,18,4,8
4134,15,26,0,3,30
4135,11,10,17,6,5
4136,12,11,8,6,24
4137,10,7,2,12,7
4138,16,22,2,17,7
4139,16,11,5,12,13
4140,13,10,5,9,13
4141,17,0,2,9,24
4142,11,1,3,0,7
4143,8,4,2,14,20
4144,15,4,2,15,10
4145,11,10,14,14,11
4146,15,6,18,13,10
4147,16,8,8,6,5
4148,20,15,5,15,1
4149,23,6,5,17,17
4150,12,7,1,0,14
4151,9,6,3,23,4
4152,15,13,9,17,3
4153,7,22,14,23,23
4154,14,3,5,4,25
4155,15,3,8,15,5
4156,7,19,9,19,19
4157,6,5,7,14,16
4158,6,4,15,10,16
4159,9,14,23,7,14
4160,17,17,21,4,16
4161,11,12,16,8,5
4162,23,23,9,8,14
4163,12,20,17,17,6
4164,13,18,7,8,14
4165,8,6,20,16,5
4166,20,7,27,15,25
4167,8,17,18,22,6
4168,8,1,3,7,15
4169,20,8,12,6,6
4170,18,9,2,14,2
4171,13,8,17,22,17
4172,8,4,9,14,17
4173,9,12,0,10,16
4174,21,30,17,19,14
4175,9,18,1,4,13
4176,8,11,15,13,8
4177,11,6,7,11,18
4178,9,18,15,0,5
4179,19,7,11,7,19
4180,10,13,21,18,0
4181,6,8,12,19,14
4182,7,6,15,14,12
4183,17,17,6,17,6
4184,12,19,6,7,26
4185,15,22,16,8,17
4186,13,0,3,12,9
4187,17,6,2,5,7
4188,6,6,19,3,7
4189,16,7,7,3,15
4190,19,29,12,6,11
4191,13,2,8,6,5
4192,7,11,11,11,1
4193,7,18,17,10,3
4194,21,8,16,20,1
4195,14,19,5,18,8
4196,5,6,13,6,10
4197,11,10,16,16,20
4198,13,8,17,0,4
4199,18,5,20,20,13
4200,9,7,12,6,21
4201,6,20,18,7,4
4202,6,9,5,7,10
4203,14,2,7,8,15
4204,6,11,8,9,4
4205,15,4,6,20,10
4206,11,15,10,15,24
4207,5,4,5,17,14
4208,13,19,4,4,1
4209,10,7,7,15,8
4210,10,16,13,13,9
4211,10,5,6,20,12
4212,11,13,12,7,20
4213,15,20,17,2,7
4214,15,9,5,6,7
4215,7,5,21,0,16
4216,18,22,15,7,11
4217,16,19,12,4,5
4218,13,3,7,6,6
4219,17,6,19,12,18
4220,13,12,5,8,0
4221,16,9,6,13,9
4222,16,4,10,23,12
4223,21,4,7,11,14
4224,4,15,18,5,16
4225,10,17,14,15,9
4226,7,14,17,20,6
4227,19,3,11,9,18
4228,20,11,11,7,22
4229,12,10,10,0,5
4230,19,8,14,14,4
4231,18,4,19,8,11
4232,7,7,6,8,11
4233,11,7,13,9,7
4234,10,16,9,7,12
4235,16,8,4,11,17
4236,6,18,17,8,11
4237,9,10,9,7,7
4238,4,9,2,5,19
4239,15,11,9,20,10
4240,6,2,17,0,17
4241,25,12,8,8,9
4242,10,9,7,14,11
4243,16,11,21,24,25
4244,10,12,6,14,20
4245,7,18,15,14,6
4246,16,13,4,10,20
4247,9,15,6,11,8
4248,19,23,15,13,6
4249,10,7,17,4,18
4250,8,21,6,28,12
4251,18,6,6,0,5
4252,9,13,12,10,16
4253,12,5,16,8,14
4254,19,18,11,17,13
4255,11,10,22,5,20
4256,6,2,1,8,21
4257,14,10,8,10,11
4258,2,5,20,2,15
4259,19,14,3,6,17
4260,13,8,7,22,19
4261,21,16,10,20,4
4262,11,2,15,6,14
4263,15,20,17,18,4
4264,9,6,9,8,14
4265,2,3,0,15,4
4266,5,4,9,11,12
4267,14,24,12,6,8
4268,16,11,12,6,19
4269,9,0,0,18,21
4270,9,11,13,15,5
4271,13,10,7,13,17
4272,12,9,6,15,18
4273,10,14,3,18,25
4274,11,4,17,8,16
4275,15,14,6,2,15
4276,3,5,18,9,12
4277,24,10,19,6,7
4278,13,17,16,7,10
4279,11,7,7,19,8
4280,14,16,7,19,12
4281,7,11,11,5,2
4282,19,18,16,9,13
4283,16,6,6,26,13
4284,13,7,20,15,16
4285,13,14,23,12,19
4286,6,9,11,10,10
4287,18,5,19,7,3
4288,9,15,7,15,12
4289,15,24,20,6,16
4290,19,13,2,11,12
4291,6,7,22,3,10
4292,10,15,2,6,14
4293,9,13,15,6,24
4294,15,21,21,7,27
4295,4,15,7,14,9
4296,11,19,10,13,10
4297,12,0,9,3,9
4298,14,13,20,18,7
4299,6,1,2,33,11
4300,3,20,2,17,6
4301,10,12,7,7,0
4302,7,7,18,8,7
4303,15,8,8,8,12
4304,13,16,9,14,18
4305,16,9,5,7,17
4306,10,3,11,12,6
4307,13,8,10,16,15
4308,15,11,9,23,10
4309,15,4,9,13,6
4310,20,8,19,8,17
4311,8,20,4,18,15
4312,12,13,0,18,17
4313,5,18,6,4,6
4314,18,4,5,7,7
4315,3,17,18,22,3
4316,14,16,20,15,4
4317,13,14,2,6,15
4318,11,16,13,8,8
4319,12,17,6,12,17
4320,11,13,12,10,6
4321,4,21,9,9,6
4322,9,3,13,5,3
4323,19,6,15,10,18
4324,26,15,8,15,12
4325,16,5,6,18,10
4326,7,22,6,16,3
4327,8,22,23,10,10
4328,10,10,10,7,8
4329,12,5,2,8,12
4330,21,17,26,11,16
4331,11,6,20,15,19
4332,18,19,6,15,10
4333,24,14,13,11,15
4334,8,16,4,8,4
4335,18,17,4,7,10
4336,6,0,14,15,4
4337,7,5,17,0,20
4338,11,10,9,20,19
4339,4,14,9,6,4
4340,7,8,17,6,14
4341,16,4,2,13,12
4342,13,18,19,13,2
4343,11,10,12,13,2
4344,7,18,7,11,13
4345,11,4,18,9,14
4346,14,2,9,12,8
4347,17,18,11,10,16
4348,9,8,11,8,10
4349,13,17,16,8,6
4350,14,3,0,31,11
4351,17,11,11,9,8
4352,13,5,16,12,4
4353,19,18,4,13,17
4354,15,6,9,7,4
4355,9,5,18,0,11
4356,15,6,8,14,16
4357,13,19,10,6,10
4358,13,4,21,7,12
4359,12,13,14,19,9
4360,15,21,7,3,5
4361,7,23,7,9,6
4362,7,11,12,20,4
4363,9,16,11,8,15
4364,19,23,12,12,17
4365,13,19,16,5,11
4366,13,3,9,9,9
4367,17,13,12,5,6
4368,12,6,21,20,15
4369,15,8,0,17,10
4370,17,8,10,10,11
4371,5,15,17,5,24
4372,19,9,12,26,7
4373,23,11,11,8,16
4374,6,12,16,8,2
4375,15,19,16,11,6
4376,8,6,6,16,13
4377,11,0,12,15,15
4378,6,2,15,11,9
4379,23,16,8,8,2
4380,14,6,7,22,2
4381,9,3,8,16,0
4382,12,19,11,10,18
4383,6,8,7,17,14
4384,19,5,17,6,18
4385,13,26,17,18,0
4386,7,11,18,16,14
4387,12,6,20,18,0
4388,13,9,11,8,14
4389,11,10,10,9,16
4390,16,6,9,4,19
4391,18,11,13,13,21
4392,16,7,4,9,14
4393,11,9,12,0,6
4394,9,18,4,16,15
4395,14,11,3,12,0
4396,7,7,19,11,20
4397,8,13,14,20,9
4398,12,9,6,12,12
4399,18,10,4,7,4
4400,10,6,10,13,15
4401,20,2,9,11,17
4402,11,6,17,23,9
4403,17,11,5,4,12
4404,13,6,7,17,14
4405,12,19,8,8,15
4406,19,18,10,19,10
4407,3,11,15,3,9
4408,17,9,6,17,13
4409,15,0,13,19,2
4410,3,15,12,9,21
4411,9,11,2,5,7
4412,12,7,7,24,22
4413,17,11,1,17,6
4414,11,6,4,8,2
4415,18,5,16,23,17
4416,18,6,8,10,19
4417,14,3,10,7,12
4418,7,12,1,16,6
4419,8,3,6,13,9
4420,14,16,0,10,21
4421,5,5,17,9,10
4422,17,13,12,11,1
4423,14,15,6,11,5
4424,9,20,14,3,17
4425,7,13,16,6,17
4426,17,20,8,14,3
4427,11,4,10,15,11
4428,12,23,22,12,12
4429,14,17,18,13,9
4430,3,18,4,5,8
4431,16,0,17,21,9
4432,12,24,25,4,4
4433,4,7,1,12,7
4434,17,13,18,19,17
4435,25,16,7,7,15
4436,15,16,15,2,9
4437,12,10,15,8,7
4438,15,11,11,11,11
4439,9,16,4,3,21
4440,13,5,9,16,6
4441,7,14,23,6,16
4442,13,21,4,17,11
4443,9,10,1,14,10
4444,17,17,2,17,10
4445,20,9,8,0,0
4446,10,5,4,17,20
4447,14,7,3,15,24
4448,7,21,6,19,10
4449,11,16,10,11,20
4450,9,7,21,11,13
4451,14,14,19,6,24
4452,13,6,5,17,15
4453,13,7,8,14,21
4454,7,17,10,15,4
4455,4,12,12,16,17
4456,10,9,13,13,8
4457,6,0,2,6,22
4458,16,18,14,7,17
4459,12,5,6,17,10
4460,16,9,6,6,10
4461,15,20,13,10,30
4462,5,10,16,14,16
4463,9,15,4,3,9
4464,9,24,2,21,9
4465,16,10,17,22,8
4466,10,9,13,8,4
4467,8,8,7,9,4
4468,16,16,23,21,16
4469,16,4,23,16,12
4470,20,9,4,15,7
4471,8,12,24,0,6
4472,11,15,0,17,10
4473,12,7,6,8,27
4474,8,10,13,15,7
4475,13,5,13,8,10
4476,15,21,9,0,10
4477,9,0,14,17,12
4478,16,13,4,28,14
4479,17,24,0,3,3
4480,3,9,14,5,8
4481,14,25,7,5,17
4482,6,15,0,13,14
4483,14,11,4,7,18
4484,8,2,6,10,4
4485,11,9,2,7,17
4486,9,9,13,14,4
4487,6,10,4,12,9
4488,3,3,7,5,17
4489,18,13,10,6,11
4490,11,14,5,10,13
4491,9,12,16,19,8
4492,10,11,14,16,23
4493,26,17,15,9,4
4494,16,12,20,14,5
4495,6,9,16,4,6
4496,17,18,6,0,1
4497,9,10,17,9,20
4498,18,17,12,9,3
4499,9,18,3,5,8
4500,9,8,5,10,18
4501,15,20,13,19,5
4502,14,16,14,11,6
4503,17,8,19,11,7
4504,3,11,13,18,19
4505,13,21,6,7,7
4506,16,16,10,5,10
4507,13,16,14,15,19
4508,13,19,4,21,7
4509,10,8,15,5,12
4510,7,15,8,11,15
4511,22,10,14,18,10
4512,22,6,18,17,18
4513,13,22,13,7,12
4514,19,18,17,21,12
4515,12,0,2,8,15
4516,5,15,5,2,26
4517,15,9,3,12,9
4518,9,6,10,14,8
4519,19,0,16,8,8
4520,11,13,10,17,13
4521,12,15,3,18,4
4522,0,20,18,9,20
4523,9,16,22,19,16
4524,6,6,12,8,20
4525,13,13,17,10,9
4526,10,17,5,24,4
4527,16,3,16,15,6
4528,15,15,15,9,11
4529,6,13,3,10,21
4530,14,10,6,11,10
4531,10,6,7,4,9
4532,14,17,4,16,10
4533,9,18,8,5,9
4534,6,7,13,16,24
4535,10,8,6,10,18
4536,21,7,10,14,7
4537,18,10,28,18,8
4538,5,16,20,26,14
4539,17,7,9,0,21
4540,21,9,5,10,17
4541,6,7,2,5,16
4542,10,3,12,19,16
4543,19,12,16,10,4
4544,7,12,9,10,4
4545,16,6,17,19,2
4546,7,22,17,9,13
4547,10,10,14,18,16
4548,4,18,11,10,10
4549,10,6,10,15,10
4550,7,16,13,5,0
4551,17,3,9,24,8
4552,6,10,15,5,12
4553,10,28,11,7,8
4554,13,11,21,5,10
4555,10,20,18,19,6
4556,14,11,10,13,17
4557,9,6,17,4,7
4558,11,3,15,18,16
4559,21,20,10,5,13
4560,13,8,17,15,10
4561,22,19,10,1,10
4562,4,7,6,11,13
4563,2,6,12,17,6
4564,8,15,2,15,4
4565,7,9,16,11,18
4566,16,14,2,2,18
4567,16,13,5,24,7
4568,6,3,19,12,9
4569,17,2,4,18,18
4570,3,11,7,15,9
4571,13,9,10,5,9
4572,10,6,16,5,14
4573,5,4,6,12,3
4574,20,8,8,11,9
4575,11,5,16,14,3
4576,12,18,13,13,8
4577,4,5,0,8,7
4578,9,5,11,11,9
4579,9,13,11,13,8
4580,6,14,11,9,12
4581,22,13,9,5,5
4582,19,10,14,5,17
4583,7,3,21,7,8
4584,10,17,12,5,19
4585,17,10,17,11,15
4586,8,10,12,9,4
4587,13,6,15,6,5
4588,11,5,6,18,12
4589,22,5,4,11,0
4590,7,12,11,17,24
4591,14,1,17,14,6
4592,5,15,12,18,16
4593,16,6,16,6,13
4594,9,14,12,3,1
4595,16,6,14,9,9
4596,5,15,21,6,18
4597,20,25,12,2,8
4598,20,4,6,4,11
4599,7,4,8,12,3
4600,12,13,10,7,22
4601,7,27,17,5,3
4602,13,8,0,9,6
4603,24,17,8,12,12
4604,17,17,15,7,3
4605,19,19,14,18,3
4606,15,3,2,22,14
4607,20,5,12,8,13
4608,8,6,0,8,13
4609,14,6,8,14,19
4610,5,8,7,11,17
4611,19,7,18,0,13
4612,12,16,16,12,21
4613,16,8,18,28,17
4614,6,24,2,10,5
4615,12,17,8,18,13
4616,8,7,4,12,14
4617,12,2,6,5,9
4618,15,15,15,15,5
4619,9,13,0,20,11
4620,16,24,1,16,7
4621,11,5,0,18,18
4622,15,8,18,23,9
4623,11,21,11,6,5
4624,13,6,3,5,19
4625,14,17,9,21,14
4626,18,3,3,1,9
4627,12,10,10,17,10
4628,9,5,15,17,10
4629,14,13,13,16,12
4630,4,6,18,13,11
4631,9,16,8,10,7
4632,9,8,15,9,9
4633,5,3,18,9,5
4634,11,7,3,9,6
4635,13,7,6,6,11
4636,6,7,11,16,10
4637,14,6,5,5,14
4638,18,25,9,4,14
4639,6,2,24,21,9
4640,3,6,6,14,15
4641,15,23,2,11,12
4642,9,11,4,4,11
4643,7,11,8,6,7
4644,17,6,17,10,17
4645,1,14,16,23,20
4646,16,9,13,16,19
4647,9,6,21,17,5
4648,0,3,12,12,0
4649,11,14,6,14,18
4650,23,6,18,15,26
4651,12,7,10,22,0
4652,9,16,7,15,4
4653,20,20,16,12,5
4654,17,22,5,27,11
4655,10,11,8,10,9
4656,14,15,15,6,20
4657,13,14,0,1,10
4658,13,3,15,9,13
4659,11,13,13,8,20
4660,23,20,20,9,5
4661,8,14,4,14,4
4662,15,3,17,4,9
4663,16,11,17,22,2
4664,13,10,8,12,11
4665,18,19,15,21,15
4666,10,3,20,15,15
4667,5,1,10,13,2
4668,12,0,15,20,22
4669,18,14,8,9,11
4670,10,17,20,22,1
4671,14,7,12,19,12
4672,10,15,11,10,2
4673,17,1,13,6,10
4674,17,6,20,12,4
4675,22,9,5,16,5
4676,14,9,10,10,15
4677,17,6,19,12,12
4678,13,11,5,12,24
4679,8,7,11,9,2
4680,16,17,11,19,17
4681,20,14,0,20,33
4682,11,3,13,10,6
4683,12,18,6,5,12
4684,11,12,4,10,9
4685,19,8,7,8,16
4686,21,16,13,13,16
4687,15,8,28,6,18
4688,14,18,1,17,6
4689,14,4,15,18,13
4690,18,17,17,13,13
4691,13,5,0,14,21
4692,18,7,11,9,11
4693,3,7,17,10,4
4694,17,10,10,0,6
4695,17,12,6,4,16
4696,21,20,18,10,15
4697,15,7,5,16,8
4698,5,6,13,9,17
4699,11,15,14,17,4
4700,15,7,8,2,21
4701,6,16,20,21,3
4702,6,14,23,14,6
4703,11,19,14,7,10
4704,4,9,8,20,13
4705,3,20,12,2,2
4706,15,4,5,14,6
4707,9,15,6,20,18
4708,16,5,11,7,15
4709,5,0,11,17,8
4710,13,4,9,12,7
4711,18,11,8,6,20
4712,14,26,10,9,6
4713,11,16,2,5,5
4714,8,6,11,13,9
4715,10,19,11,0,17
4716,13,2,24,7,8
4717,5,17,18,6,0
4718,0,10,7,19,9
4719,10,1,17,24,8
4720,11,21,23,2,0
4721,8,18,9,23,13
4722,18,6,10,23,15
4723,11,1,14,12,21
4724,12,17,5,15,22
4725,13,18,7,12,6
4726,17,4,10,22,16
4727,10,4,19,9,12
4728,10,5,14,10,13
4729,17,3,11,17,9
4730,13,8,11,14,8
4731,10,9,9,6,25
4732,14,6,5,10,15
4733,29,9,7,7,13
4734,14,19,14,14,18
4735,9,11,12,8,16
4736,22,4,24,6,18
4737,8,15,21,2,6
4738,15,19,9,21,18
4739,7,6,10,10,6
4740,8,3,4,2,3
4741,6,6,9,19,15
4742,2,7,0,17,6
4743,14,8,18,12,9
4744,5,7,9,13,9
4745,14,15,4,21,20
4746,7,9,19,3,19
4747,18,4,11,7,13
4748,9,7,15,10,0
4749,20,14,16,18,12
4750,14,8,10,11,9
4751,7,0,5,10,9
4752,6,16,5,6,16
4753,15,2,0,18,10
4754,16,6,17,2,14
4755,8,15,3,22,9
4756,7,21,24,14,16
4757,18,14,5,5,17
4758,15,9,4,14,21
4759,14,15,2,1,8
4760,16,7,6,13,12
4761,10,6,16,8,3
4762,6,11,9,21,16
4763,12,7,19,15,2
4764,15,19,13,14,20
4765,18,19,6,0,5
4766,14,12,8,4,12
4767,21,5,9,5,2
4768,17,5,18,10,6
4769,8,2,5,15,11
4770,11,19,8,6,12
4771,5,6,19,18,18
4772,3,8,9,7,6
4773,7,24,6,11,10
4774,10,12,19,16,13
4775,6,9,3,9,19
4776,5,6,17,18,13
4777,17,15,0,19,20
4778,18,10,21,11,8
4779,10,17,5,11,15
4780,5,0,13,7,0
4781,20,8,13,16,10
4782,17,19,16,4,10
4783,14,13,19,13,12
4784,13,19,22,16,8
4785,12,15,6,3,16
4786,9,16,5,2,14
4787,15,11,12,14,10
4788,15,12,7,5,20
4789,15,14,17,4,10
4790,9,8,18,7,14
4791,8,18,26,7,10
4792,8,0,12,12,18
4793,14,12,17,6,20
4794,0,12,9,15,0
4795,21,5,13,17,2
4796,6,20,1,8,10
4797,10,7,3,21,10
4798,11,1,20,7,9
4799,10,18,14,5,8
4800,10,5,16,1,13
4801,13,15,8,5,6
4802,14,7,16,12,14
4803,7,17,14,14,10
4804,14,6,5,11,0
4805,13,7,4,19,11
4806,12,7,19,9,3
4807,12,18,6,12,9
4808,20,17,7,7,10
4809,11,12,10,15,15
4810,10,6,19,0,9
4811,4,14,13,21,8
4812,19,8,28,12,5
4813,12,7,0,12,3
4814,12,19,11,5,17
4815,15,8,2,13,11
4816,20,20,0,3,16
4817,9,6,16,2,12
4818,18,3,6,3,14
4819,17,12,3,20,15
4820,18,16,10,18,12
4821,11,18,20,7,10
4822,17,15,12,16,10
4823,18,4,10,20,6
4824,9,11,10,18,12
4825,14,5,15,1,17
4826,12,5,17,12,14
4827,9,15,16,10,7
4828,14,7,10,4,9
4829,2,26,22,4,15
4830,17,10,3,19,7
4831,12,11,17,19,9
4832,9,9,20,4,20
4833,18,16,12,8,3
4834,22,10,6,16,1
4835,12,7,21,6,7
4836,11,14,4,0,11
4837,24,5,15,12,29
4838,14,10,16,7,17
4839,16,15,8,8,13
4840,2,7,7,8,19
4841,8,19,19,12,16
4842,14,13,11,13,17
4843,13,19,10,17,16
4844,0,6,13,14,15
4845,8,8,18,5,17
4846,3,19,14,9,15
4847,5,1,20,3,5
4848,13,11,15,11,20
4849,3,0,17,5,6
4850,25,13,10,13,10
4851,14,0,7,21,12
4852,14,19,5,8,15
4853,19,15,0,0,12
4854,18,3,14,8,11
4855,7,11,2,7,20
4856,10,3,11,11,15
4857,15,7,29,19,8
4858,11,0,6,4,24
4859,11,16,5,7,6
4860,20,5,9,8,5
4861,16,21,26,18,17
4862,12,10,20,11,0
4863,8,13,12,13,8
4864,7,22,14,10,5
4865,14,10,11,1,4
4866,9,11,22,13,13
4867,9,4,16,14,7
4868,9,11,5,11,14
4869,0,15,19,12,10
4870,10,17,14,10,11
4871,12,3,0,20,18
4872,10,13,8,12,7
4873,12,7,11,2,9
4874,14,16,22,15,17
4875,13,8,24,9,8
4876,10,14,5,9,9
4877,7,14,17,7,8
4878,12,5,13,3,8
4879,7,21,2,11,11
4880,17,11,20,3,5
4881,6,7,0,2,18
4882,8,16,14,20,0
4883,15,16,3,7,13
4884,14,5,4,5,12
4885,16,20,19,17,5
4886,5,6,13,8,9
4887,16,6,10,16,5
4888,17,0,16,19,3
4889,17,17,26,11,9
4890,17,2,24,7,6
4891,18,9,9,16,6
4892,0,0,19,11,20
4893,15,7,14,3,15
4894,11,18,5,11,10
4895,13,22,12,5,3
4896,6,12,19,17,12
4897,20,19,16,15,15
4898,14,8,11,14,6
4899,13,5,16,17,17
4900,11,8,19,17,15
4901,14,7,0,11,16
4902,22,6,9,10,9
4903,19,8,0,19,11
4904,10,3,10,11,11
4905,12,4,19,13,12
4906,8,4,6,19,19
4907,23,6,21,13,17
4908,15,21,6,7,7
4909,17,20,14,6,16
4910,9,15,6,19,3
4911,18,20,20,4,8
4912,11,18,18,17,4
4913,10,11,13,15,12
4914,8,0,16,21,20
4915,7,16,6,11,14
4916,7,6,5,9,24
4917,19,12,10,14,12
4918,4,16,18,12,11
4919,17,1,6,16,17
4920,9,10,17,17,17
4921,19,10,8,15,14
4922,6,7,18,5,6
4923,15,14,12,7,12
4924,24,8,5,3,10
4925,7,15,18,8,9
4926,9,17,29,11,23
4927,14,18,12,5,3
4928,5,4,13,12,15
4929,14,15,10,13,16
4930,3,7,8,4,24
4931,5,1,6,10,10
4932,10,12,20,17,10
4933,15,2,10,16,0
4934,7,6,13,20,8
4935,13,17,2,17,5
4936,6,23,16,1,6
4937,14,2,12,7,3
4938,7,9,13,0,15
4939,16,19,9,10,7
4940,12,12,9,18,13
4941,14,6,14,16,12
4942,27,4,5,5,22
4943,9,17,17,10,6
4944,14,6,6,28,11
4945,7,0,8,15,7
4946,19,6,8,14,10
4947,11,0,5,9,3
4948,7,4,3,14,13
4949,3,11,12,19,21
4950,8,7,4,5,10
4951,14,0,6,14,17
4952,19,28,17,16,9
4953,14,5,11,3,9
4954,6,18,6,30,13
4955,7,11,5,4,6
4956,10,18,18,17,11
4957,10,11,11,12,6
4958,5,16,6,3,9
4959,14,14,6,18,18
4960,15,15,6,3,11
4961,14,11,18,7,14
4962,12,7,1,16,22
4963,9,19,10,7,12
4964,17,3,8,0,12
4965,23,1,13,16,25
4966,8,8,17,21,9
4967,9,2,13,0,6
4968,14,6,20,7,8
4969,19,7,7,17,7
4970,7,7,15,5,29
4971,15,6,22,18,13
4972,10,14,10,19,17
4973,11,5,12,7,19
4974,18,5,25,3,5
4975,10,5,2,0,6
4976,17,7,8,1,18
4977,12,16,8,11,1
4978,9,9,25,5,17
4979,15,11,18,7,9
4980,7,6,12,15,14
4981,20,11,5,13,11
4982,8,11,20,4,8
4983,13,15,17,11,0
4984,5,7,6,9,15
4985,20,18,13,21,18
4986,7,10,24,15,12
4987,13,9,10,7,9
4988,7,9,15,13,22
4989,2,5,21,0,8
4990,5,18,7,21,11
4991,10,12,11,3,14
4992,8,22,16,18,8
4993,17,14,0,15,20
4994,11,12,11,18,5
4995,20,6,10,11,14
4996,24,12,15,10,4
4997,11,6,5,21,15
4998,13,14,18,6,15
4999,25,10,5,9,19
5000,23,18,20,9,7
