Game,Trial 1,Trial 2,Trial 3,Trial 4,Trial 5,Trial 6,Trial 7,Trial 8 ,Trial 9 ,Trial 10
1,11,22,10,9,8,9,7,6,16,6
2,9,10,8,5,7,1,9,12,14,20
3,11,22,6,5,10,8,6,16,8,22
4,12,8,8,17,0,8,9,16,18,13
5,10,4,5,8,12,9,16,11,6,13
6,9,18,7,6,17,15,10,19,8,12
7,11,17,9,4,13,11,13,15,6,10
8,20,16,11,13,7,18,10,8,17,14
9,12,8,2,14,4,7,19,9,6,5
10,8,15,3,13,11,16,18,9,6,6
11,12,9,10,12,12,3,10,19,8,13
12,9,17,15,18,17,7,15,15,9,11
13,10,9,18,17,6,8,12,10,10,7
14,12,6,14,16,9,16,12,23,14,15
15,20,11,14,22,8,14,0,6,8,17
16,18,7,7,10,12,11,11,10,11,0
17,8,17,11,18,10,8,14,24,5,11
18,16,3,13,12,9,11,7,15,14,3
19,2,22,6,4,12,9,16,17,16,3
20,10,10,9,13,15,10,3,7,18,7
21,8,12,17,31,20,14,15,5,5,0
22,11,9,13,16,20,8,12,16,14,17
23,12,12,5,0,9,11,2,14,15,15
24,15,15,6,3,6,2,10,8,11,9
25,4,20,16,17,16,7,18,11,12,7
26,14,25,9,19,19,9,19,10,16,14
27,20,14,17,2,7,18,8,14,9,13
28,5,14,9,12,14,11,5,13,12,5
29,7,22,11,17,19,6,7,15,10,8
30,13,9,20,8,15,12,17,12,18,10
31,6,15,2,15,10,13,22,15,21,13
32,9,18,9,12,14,15,9,5,9,10
33,10,21,12,12,7,20,13,7,11,19
34,11,15,8,11,11,9,15,12,16,13
35,14,17,8,8,11,14,14,18,19,10
36,10,17,14,5,20,9,18,11,17,4
37,15,21,10,5,18,5,16,13,10,13
38,17,6,4,22,9,16,3,6,11,17
39,18,11,13,15,8,12,16,6,15,20
40,13,5,11,13,15,3,28,21,22,0
41,14,9,7,21,17,12,12,15,13,7
42,15,18,6,13,9,8,4,24,21,13
43,3,17,15,3,6,18,6,4,8,20
44,18,4,15,12,17,8,3,23,9,13
45,12,22,9,16,6,15,18,9,14,22
46,15,18,9,8,8,15,4,13,6,15
47,17,17,5,9,17,9,10,14,19,5
48,10,14,4,4,13,11,20,19,11,12
49,15,9,8,8,15,10,7,18,7,15
50,5,6,10,16,11,11,14,17,10,18
51,13,3,18,19,10,6,12,8,7,14
52,5,20,14,17,9,16,13,9,13,13
53,14,13,24,18,22,14,6,15,11,22
54,3,8,14,6,10,15,1,11,15,10
55,19,6,8,12,12,16,7,14,23,19
56,10,23,8,10,7,16,7,17,10,4
57,8,12,6,17,7,15,9,8,17,7
58,5,5,20,8,10,12,5,13,5,2
59,13,10,7,8,11,13,13,15,11,22
60,20,13,2,5,9,8,10,16,6,17
61,5,21,11,5,10,27,11,12,7,10
62,8,21,18,16,17,19,17,6,19,13
63,11,17,17,18,6,8,9,17,2,15
64,16,10,14,8,5,12,7,10,10,6
65,5,19,6,16,4,17,6,21,16,11
66,21,11,0,10,5,6,23,16,20,14
67,8,12,8,19,7,24,17,14,17,6
68,11,19,18,7,6,6,16,8,19,11
69,13,12,16,14,10,29,17,13,16,4
70,10,4,8,11,12,16,4,11,15,12
71,12,5,11,16,15,6,13,9,12,1
72,15,23,7,5,13,16,8,20,16,17
73,10,15,0,6,18,10,9,6,14,16
74,17,13,15,24,9,32,9,9,3,3
75,14,3,9,10,9,13,10,11,6,17
76,12,7,2,11,18,9,10,13,8,7
77,9,8,13,13,26,5,6,16,11,1
78,2,13,6,13,7,6,17,17,9,5
79,1,11,8,10,13,11,9,12,0,12
80,9,17,9,8,14,8,15,10,13,13
81,13,19,10,15,12,11,17,10,23,8
82,9,16,11,9,11,10,5,12,14,26
83,20,6,18,5,8,13,12,10,12,7
84,21,6,11,19,6,14,15,16,16,6
85,12,20,19,5,11,7,11,16,18,9
86,16,18,16,7,22,13,13,7,17,15
87,3,12,8,6,20,13,20,24,12,13
88,2,8,10,13,18,9,8,17,6,7
89,10,11,3,5,8,7,1,7,8,5
90,3,15,15,13,12,19,16,13,18,16
91,12,10,6,18,8,9,14,12,6,17
92,8,6,10,13,12,10,9,11,13,14
93,10,12,18,9,20,9,8,22,5,7
94,11,21,5,6,4,3,19,15,6,15
95,19,12,8,20,12,28,12,9,9,16
96,12,17,11,13,12,16,17,9,10,7
97,6,15,22,12,19,11,4,11,13,10
98,6,5,18,7,12,6,12,16,17,3
99,14,9,24,9,7,14,15,19,8,17
100,9,16,20,10,10,0,19,17,11,22
101,11,5,13,10,13,20,2,12,16,19
102,8,16,16,20,7,16,15,22,9,16
103,2,5,9,14,14,14,23,10,8,9
104,15,16,20,21,6,13,15,17,16,8
105,8,7,8,7,17,17,4,7,7,5
106,13,17,13,15,6,13,15,11,6,24
107,7,14,5,10,12,5,15,7,13,13
108,10,19,11,13,13,7,16,9,20,17
109,7,13,16,10,10,5,6,7,9,20
110,14,9,18,4,12,9,6,11,10,7
111,10,13,14,17,11,5,7,12,9,17
112,6,17,7,9,6,22,2,19,16,14
113,15,17,12,12,11,7,1,15,14,11
114,8,13,3,3,6,12,17,18,10,10
115,3,10,12,3,9,13,14,12,10,14
116,14,17,16,17,8,11,20,9,1,9
117,13,14,19,15,16,18,5,11,11,10
118,14,4,20,18,14,16,3,12,13,6
119,18,14,23,15,10,13,14,18,10,17
120,5,16,6,14,14,6,6,13,18,23
121,15,10,7,20,13,10,9,5,6,11
122,11,11,10,22,6,10,18,5,17,13
123,10,20,15,18,12,17,10,3,17,12
124,18,7,7,8,8,21,15,10,9,10
125,9,18,10,10,14,21,17,10,11,9
126,18,7,8,17,7,8,14,10,12,15
127,8,10,8,14,14,9,12,13,20,10
128,21,18,8,5,12,18,2,5,22,19
129,4,15,18,20,21,11,10,14,15,17
130,6,9,13,19,19,11,16,11,12,16
131,22,8,12,17,17,9,5,3,4,7
132,13,15,6,15,15,15,11,17,17,22
133,7,11,12,13,16,14,17,6,15,15
134,13,7,9,15,7,8,9,17,16,4
135,18,3,8,11,16,15,9,7,13,8
136,10,21,13,5,18,9,9,12,11,14
137,7,9,11,7,13,13,11,19,7,8
138,21,12,6,10,10,11,6,9,14,11
139,10,7,2,18,12,8,7,6,20,10
140,29,9,17,11,18,16,10,11,17,13
141,8,17,7,12,16,13,9,4,15,12
142,5,18,21,12,15,15,15,12,6,20
143,13,16,17,13,20,12,26,9,15,16
144,17,22,8,19,25,18,4,19,4,12
145,5,7,7,0,16,8,13,10,11,8
146,19,7,12,9,14,14,16,14,4,7
147,18,12,12,21,9,12,12,10,12,13
148,15,11,15,12,8,14,3,6,4,17
149,5,16,13,11,16,10,10,18,8,8
150,16,8,18,7,8,14,13,12,6,6
151,17,3,18,11,3,17,11,6,4,14
152,11,20,5,7,6,8,10,17,9,14
153,7,7,11,12,10,8,3,15,16,17
154,18,20,7,12,16,9,20,18,16,7
155,12,16,7,7,9,12,13,10,20,1
156,3,15,12,14,17,14,13,4,9,2
157,5,17,5,11,17,11,15,16,17,4
158,11,23,15,15,7,17,11,11,14,13
159,14,10,16,13,18,10,10,10,11,16
160,16,13,21,8,16,17,10,16,7,15
161,11,25,17,3,15,12,4,8,5,10
162,14,18,16,15,21,14,13,19,9,21
163,12,15,6,19,10,13,9,7,7,10
164,16,17,11,15,15,8,18,6,16,14
165,10,6,18,5,13,12,7,10,14,6
166,12,15,1,14,14,8,17,15,21,18
167,21,18,13,5,10,5,8,16,16,17
168,15,7,15,8,11,10,4,8,15,6
169,27,12,0,15,5,8,5,7,6,13
170,15,6,17,15,10,11,22,8,14,13
171,10,10,14,10,0,16,8,24,5,9
172,11,2,5,5,6,10,3,0,9,7
173,15,8,19,14,10,7,16,8,24,10
174,11,6,3,9,8,19,13,10,14,10
175,7,9,18,7,17,19,22,3,16,16
176,14,19,18,5,6,12,18,5,12,7
177,7,6,13,5,14,18,4,9,17,11
178,10,8,4,0,11,15,8,8,14,17
179,8,22,21,6,13,19,14,3,3,6
180,6,0,18,11,13,4,5,23,8,15
181,10,11,11,13,14,12,2,23,12,10
182,15,5,14,19,11,15,5,15,12,14
183,16,13,16,17,4,16,16,9,13,3
184,19,17,9,11,13,7,22,7,7,18
185,20,10,13,12,11,12,0,10,7,6
186,13,15,9,11,6,8,14,21,18,5
187,12,18,5,11,11,12,13,6,16,11
188,7,5,15,7,7,13,15,8,4,7
189,6,6,10,15,5,9,10,9,7,5
190,10,6,14,16,14,13,6,13,14,20
191,14,15,18,19,19,13,9,21,19,8
192,16,9,12,18,9,17,23,12,11,13
193,7,14,11,10,15,11,17,4,17,7
194,12,6,12,10,18,9,18,16,26,9
195,11,14,8,0,18,10,8,11,7,19
196,6,14,3,17,12,7,16,13,21,11
197,2,21,6,6,17,12,13,20,10,7
198,14,9,13,15,14,5,14,15,7,12
199,6,18,21,10,0,9,9,16,12,9
200,19,8,13,5,5,17,2,12,7,5
201,12,17,7,22,16,18,7,16,10,22
202,5,8,4,7,26,25,18,9,15,12
203,6,6,14,2,20,13,5,17,4,18
204,0,15,6,12,10,9,13,16,18,11
205,16,10,11,11,17,6,14,7,14,6
206,14,7,16,11,6,9,9,17,10,19
207,17,10,14,6,14,12,9,4,15,0
208,14,18,17,1,15,13,5,14,7,19
209,5,15,8,10,10,17,16,11,3,10
210,6,7,17,11,11,11,8,14,12,11
211,12,20,10,12,20,11,12,20,16,3
212,23,11,15,9,9,24,8,9,12,15
213,20,6,3,3,4,11,17,9,5,3
214,15,15,20,14,22,9,12,16,8,17
215,12,12,18,18,11,3,14,4,23,14
216,16,16,15,7,17,8,13,7,1,6
217,16,24,18,13,14,26,6,3,10,8
218,6,9,9,19,10,7,13,10,11,16
219,9,9,13,9,17,8,13,16,7,13
220,0,17,12,12,13,15,13,8,14,8
221,7,10,13,7,15,7,14,7,11,6
222,12,13,12,16,21,16,12,10,23,5
223,7,12,17,13,19,15,11,9,16,10
224,9,19,9,9,17,12,11,4,6,13
225,6,16,11,3,12,21,8,22,3,11
226,21,17,5,16,17,5,7,20,14,4
227,6,11,3,13,13,8,14,9,15,20
228,5,10,16,8,19,0,11,10,19,4
229,16,13,26,10,11,12,8,20,4,8
230,15,19,22,10,11,5,3,8,16,14
231,14,11,17,5,5,14,11,14,22,20
232,10,18,11,17,18,5,8,10,16,20
233,23,5,7,9,7,14,7,18,9,11
234,13,7,14,2,13,16,14,9,9,13
235,12,9,5,14,3,19,15,16,13,8
236,9,16,18,9,10,8,14,9,1,8
237,17,19,16,6,10,15,16,18,13,6
238,6,19,19,12,16,14,10,12,10,16
239,15,13,9,19,9,6,16,9,8,5
240,17,22,9,7,14,7,14,19,13,10
241,18,9,11,14,10,10,10,12,10,15
242,17,23,17,15,7,10,4,20,10,10
243,19,19,6,11,16,9,10,10,7,10
244,11,8,4,17,14,14,11,18,17,6
245,14,8,7,29,5,18,8,10,1,17
246,11,12,12,10,13,6,4,8,3,14
247,5,20,17,10,19,18,8,4,8,12
248,5,17,20,19,12,18,15,7,11,20
249,14,11,8,17,7,13,10,26,18,6
250,10,13,14,10,16,12,6,8,4,7
251,13,21,17,11,18,14,19,16,7,11
252,12,19,12,11,13,11,16,6,4,15
253,8,18,5,7,8,29,16,14,10,19
254,8,6,21,0,6,13,9,7,8,21
255,13,11,14,9,17,21,14,12,7,20
256,3,0,4,13,4,13,13,11,5,17
257,19,11,9,11,16,11,10,4,14,10
258,20,14,9,15,16,3,21,19,19,11
259,4,11,17,17,6,7,14,13,4,8
260,20,11,16,10,18,18,11,24,7,13
261,12,8,16,16,11,14,20,17,24,10
262,10,14,13,18,17,20,12,8,11,8
263,3,20,4,8,12,12,10,2,12,6
264,8,18,11,6,12,15,9,18,12,6
265,5,8,10,20,11,14,13,10,16,5
266,11,21,18,5,11,13,7,1,9,16
267,9,9,9,15,14,16,8,18,19,12
268,9,17,9,21,13,13,12,22,22,12
269,9,12,10,15,7,16,8,18,19,13
270,6,4,5,17,20,8,9,7,10,11
271,17,9,6,16,9,9,9,11,6,14
272,16,7,11,15,12,26,15,18,12,12
273,9,9,17,10,13,12,17,11,16,21
274,17,12,13,9,16,4,9,12,8,14
275,17,21,16,9,12,17,3,20,18,7
276,11,5,6,11,11,11,13,14,6,9
277,9,14,13,14,14,6,18,4,9,13
278,26,6,8,7,12,8,10,20,20,19
279,19,13,14,15,12,1,19,10,13,7
280,8,15,11,12,13,21,16,12,8,5
281,15,17,14,7,7,4,22,20,4,7
282,17,2,10,1,9,14,6,14,6,12
283,14,17,17,5,12,18,15,7,11,9
284,15,14,1,12,8,12,17,22,0,17
285,13,21,7,13,9,5,7,10,16,20
286,11,6,10,15,7,18,11,10,9,9
287,11,18,12,5,4,18,4,11,13,9
288,6,17,15,1,8,8,10,15,19,8
289,19,8,21,10,16,20,14,19,17,10
290,22,5,3,9,14,6,21,5,11,10
291,11,15,2,11,10,23,20,6,10,16
292,12,5,21,7,13,13,14,14,19,11
293,12,10,9,17,9,8,10,11,11,6
294,3,13,3,10,12,5,4,9,7,11
295,11,14,16,12,20,9,10,16,9,3
296,14,18,11,6,11,16,8,25,6,29
297,9,13,23,7,22,12,14,7,3,16
298,16,17,11,13,9,7,16,10,15,12
299,16,4,10,10,16,14,7,7,12,8
300,11,25,15,12,3,10,14,9,19,17
301,10,15,3,5,4,12,6,18,13,3
302,14,11,15,13,12,11,18,19,21,16
303,7,13,13,12,7,13,4,10,22,5
304,4,18,10,23,6,9,9,15,7,18
305,14,8,17,7,13,9,10,19,10,7
306,17,19,6,19,15,6,20,13,16,17
307,16,15,18,10,8,8,8,19,17,10
308,19,13,4,17,10,20,23,10,22,12
309,13,8,22,3,11,17,12,19,9,24
310,13,3,7,14,12,3,14,18,6,9
311,8,8,6,19,14,7,16,16,22,9
312,17,13,10,8,7,4,19,15,6,27
313,17,9,12,14,3,9,15,10,20,17
314,8,7,16,16,18,20,18,7,19,18
315,9,11,6,10,13,18,12,7,10,12
316,3,18,8,4,13,10,15,28,7,17
317,10,12,10,4,12,12,10,12,16,18
318,18,16,17,13,8,14,10,10,14,16
319,9,5,5,8,0,11,17,10,8,23
320,11,9,7,19,16,8,15,10,0,18
321,18,18,15,8,7,15,7,15,15,6
322,11,15,8,18,8,16,9,11,18,16
323,14,8,10,7,16,19,5,10,10,13
324,9,14,6,20,14,9,19,19,21,16
325,9,9,7,5,16,11,11,9,16,12
326,20,10,4,9,6,15,9,20,11,17
327,16,10,18,5,6,19,17,19,3,17
328,8,13,17,10,22,14,15,8,4,5
329,21,7,7,10,9,18,6,13,17,17
330,18,6,26,26,9,8,6,12,23,12
331,14,16,5,15,5,10,5,30,18,13
332,10,10,5,10,17,13,3,6,3,16
333,19,7,17,5,14,14,6,5,7,6
334,10,18,9,16,16,20,2,16,5,13
335,11,17,19,4,16,15,13,5,7,19
336,9,10,10,16,6,13,7,8,4,6
337,12,14,14,15,17,5,10,9,15,7
338,13,14,12,12,6,13,11,8,18,9
339,12,13,10,8,7,6,17,19,16,10
340,5,16,12,18,20,19,14,17,19,5
341,10,10,9,10,18,6,18,6,18,16
342,16,10,7,14,16,12,10,10,18,8
343,12,13,0,9,8,19,10,8,11,6
344,11,23,6,19,10,7,14,17,23,6
345,4,7,5,17,10,12,8,6,7,11
346,26,7,14,16,5,11,13,0,8,7
347,13,20,2,9,12,15,16,17,17,14
348,21,19,14,9,10,15,9,19,19,13
349,11,5,7,7,20,18,11,16,16,10
350,5,13,6,4,5,17,17,10,5,14
351,12,10,5,24,9,10,13,31,17,7
352,5,10,11,6,13,16,16,7,2,11
353,7,13,8,26,7,15,18,6,3,14
354,11,13,13,1,13,7,6,11,19,10
355,8,11,2,10,3,19,10,8,19,2
356,9,15,13,5,6,19,15,6,26,7
357,14,13,17,15,4,7,8,21,10,8
358,18,0,8,7,14,16,13,17,25,14
359,8,6,11,17,9,17,7,18,9,18
360,17,9,15,18,12,4,13,14,6,8
361,7,12,16,13,17,0,18,6,22,14
362,9,18,12,9,14,4,9,16,17,19
363,18,9,3,19,15,3,13,5,12,19
364,14,4,7,20,17,5,12,11,7,8
365,16,13,12,5,6,18,7,17,7,18
366,17,5,18,16,12,10,6,6,17,9
367,15,10,8,16,17,18,13,16,4,5
368,21,16,9,10,3,15,10,13,15,20
369,10,16,10,12,12,19,9,15,6,21
370,15,4,6,5,17,7,8,20,15,9
371,8,10,13,13,11,11,12,10,11,17
372,21,20,23,17,10,16,7,6,17,12
373,16,12,25,15,11,11,6,10,16,8
374,3,19,4,6,4,14,9,9,10,10
375,14,5,2,12,17,14,4,19,8,7
376,17,5,16,17,11,19,15,10,12,18
377,15,10,5,12,17,8,13,9,9,14
378,6,10,19,12,12,10,18,7,12,23
379,7,17,8,18,16,15,20,14,12,10
380,6,21,10,10,12,14,7,15,14,17
381,20,15,6,4,16,14,8,5,9,8
382,12,12,30,16,13,9,13,12,15,5
383,10,8,14,17,7,5,7,19,5,10
384,14,19,7,17,12,16,10,19,16,14
385,5,9,8,9,4,5,4,9,13,6
386,15,4,17,15,12,16,9,15,15,18
387,18,13,14,21,13,9,14,8,11,6
388,9,17,14,16,18,4,7,6,15,9
389,11,20,22,18,10,22,8,18,15,8
390,16,14,11,20,11,5,18,3,14,6
391,15,16,17,8,17,14,13,14,8,11
392,20,24,13,11,19,7,30,8,6,11
393,15,11,1,10,13,7,13,13,13,7
394,9,8,15,14,19,1,18,10,15,12
395,17,10,7,21,12,10,9,12,12,15
396,9,9,12,14,4,14,15,20,9,12
397,6,16,18,10,10,6,4,18,15,16
398,11,9,18,8,13,8,16,13,20,9
399,15,9,9,13,14,5,9,14,5,17
400,16,18,3,5,18,10,17,8,13,17
401,17,11,5,21,1,19,17,5,14,19
402,12,13,16,20,12,19,15,6,12,14
403,19,14,9,13,12,14,13,19,9,9
404,21,10,5,12,17,9,15,19,11,28
405,12,13,11,21,18,9,14,21,6,5
406,7,12,9,15,15,19,11,8,14,13
407,15,12,6,8,14,15,8,18,7,11
408,23,20,8,9,16,20,2,8,15,19
409,16,17,15,16,22,6,3,8,4,12
410,15,15,12,9,8,21,9,12,12,12
411,15,15,16,7,6,7,9,5,16,4
412,9,20,15,10,6,10,20,8,14,9
413,19,13,13,14,17,4,15,8,18,20
414,19,17,14,4,7,17,18,10,17,13
415,17,11,10,12,13,7,18,9,13,11
416,10,8,1,7,18,6,12,5,22,14
417,14,9,17,4,22,10,11,14,13,16
418,13,21,11,21,21,2,20,11,19,10
419,8,20,15,15,12,13,9,21,16,10
420,13,11,7,16,10,7,12,13,8,18
421,11,4,12,7,18,16,24,10,17,17
422,12,12,19,5,13,6,7,18,13,18
423,16,21,19,10,19,5,17,1,7,18
424,8,9,9,13,17,19,18,5,1,1
425,7,5,18,9,14,15,7,9,15,6
426,9,6,19,12,7,14,7,8,22,17
427,15,12,3,22,11,5,9,19,14,15
428,16,9,9,6,11,9,12,10,12,17
429,12,14,12,8,13,11,17,11,10,10
430,7,10,16,9,19,4,11,19,21,9
431,8,11,9,9,13,13,2,6,4,5
432,2,23,17,15,3,17,6,1,18,6
433,10,15,2,2,6,4,9,10,15,15
434,16,8,18,11,15,11,9,12,12,13
435,10,12,7,7,16,11,13,17,21,12
436,12,5,16,6,7,14,15,13,13,6
437,20,17,19,8,12,11,12,10,17,9
438,6,22,12,21,9,12,11,3,8,2
439,5,23,11,13,4,17,5,16,11,10
440,16,5,26,24,16,20,4,14,11,21
441,6,5,13,2,20,5,17,18,4,9
442,10,19,4,11,14,10,13,8,5,7
443,16,18,11,10,15,7,11,20,20,15
444,0,12,22,12,14,10,14,5,12,25
445,15,15,18,16,7,3,6,7,12,14
446,13,5,15,8,15,24,4,18,7,11
447,7,15,17,11,17,4,18,12,6,15
448,10,13,4,7,19,11,11,16,15,14
449,17,5,11,17,15,6,22,4,13,8
450,21,10,3,11,25,8,11,17,6,16
451,17,19,19,20,5,8,6,14,17,23
452,19,14,10,6,6,9,7,19,16,14
453,15,12,10,18,18,9,6,8,7,9
454,6,18,14,10,12,19,17,14,19,10
455,4,20,13,18,25,12,9,15,11,9
456,12,6,14,5,8,21,14,18,11,10
457,16,7,16,14,13,8,4,13,18,9
458,8,16,19,10,17,8,6,10,6,6
459,9,8,10,7,19,11,11,9,19,21
460,15,10,18,13,18,9,10,9,17,8
461,22,20,6,14,12,12,5,15,13,9
462,11,23,4,18,9,8,18,21,20,8
463,16,15,14,20,19,5,5,14,9,1
464,11,5,4,8,11,17,21,12,14,16
465,16,18,18,24,7,19,20,14,10,4
466,8,2,13,22,6,15,20,27,4,18
467,9,18,9,21,12,9,13,16,9,28
468,7,4,17,8,13,0,5,4,12,14
469,16,13,6,6,14,7,10,12,17,2
470,18,11,5,5,7,6,14,19,8,25
471,21,2,14,14,18,6,12,16,7,7
472,8,6,14,15,27,8,17,16,4,14
473,11,16,9,6,15,8,6,12,5,12
474,9,24,3,9,13,12,6,4,5,12
475,15,11,5,8,16,16,0,18,21,16
476,23,20,15,16,6,24,10,11,15,12
477,16,12,9,15,15,6,21,14,2,17
478,8,8,4,6,7,11,7,19,9,14
479,9,7,21,18,4,13,6,12,5,14
480,20,15,11,3,15,16,9,12,13,16
481,19,5,19,23,3,13,15,15,14,14
482,13,12,13,21,5,5,8,6,14,13
483,11,9,16,18,17,21,16,11,15,9
484,19,13,19,3,16,12,21,13,19,7
485,7,6,15,8,11,14,12,17,4,13
486,9,8,10,15,23,18,17,10,21,12
487,17,9,15,10,8,10,12,12,15,14
488,12,0,5,14,4,11,17,5,8,16
489,15,16,16,13,21,10,13,7,12,0
490,11,20,7,8,7,11,13,8,6,25
491,9,8,7,10,8,26,9,6,9,9
492,16,8,12,19,9,19,7,16,14,3
493,12,17,17,14,19,14,14,22,4,19
494,5,11,7,6,18,11,17,6,19,24
495,17,5,4,5,22,5,3,13,5,8
496,7,15,2,9,14,20,11,15,17,10
497,8,8,13,9,10,4,13,13,10,13
498,8,17,14,14,14,14,10,11,21,10
499,12,13,6,24,0,15,0,15,11,8
500,6,11,16,18,8,11,9,5,11,13
501,21,8,13,8,9,5,18,18,18,4
502,17,13,16,12,6,22,18,12,12,12
503,8,22,10,13,8,16,7,8,10,17
504,10,12,13,8,10,13,12,15,17,15
505,14,18,10,8,18,12,10,5,18,17
506,18,19,4,22,10,15,8,11,7,17
507,4,19,17,8,15,17,11,25,13,16
508,23,8,11,7,22,9,14,12,6,13
509,12,11,20,13,18,8,16,7,7,7
510,10,8,14,16,10,19,13,17,6,10
511,9,8,15,10,5,12,22,13,11,25
512,16,22,5,3,17,5,7,6,15,14
513,13,15,8,10,8,0,16,22,11,13
514,18,13,8,14,14,7,10,10,21,18
515,5,3,13,16,24,27,14,2,7,7
516,7,5,3,13,8,16,5,17,3,12
517,9,13,16,15,17,12,6,10,13,8
518,22,14,18,18,9,17,12,11,10,17
519,8,11,16,19,2,12,13,15,14,12
520,12,14,11,13,7,11,10,18,11,16
521,0,6,12,21,10,18,14,6,17,7
522,6,12,6,8,8,14,7,5,10,16
523,6,11,12,13,8,13,14,26,3,9
524,21,12,17,8,12,12,7,12,10,15
525,10,15,13,15,7,16,17,19,12,18
526,5,25,21,11,8,3,13,23,8,8
527,13,7,10,13,16,4,9,16,18,5
528,16,7,22,13,10,14,5,15,23,29
529,20,9,20,6,12,5,16,16,19,18
530,6,17,8,8,15,20,15,9,9,11
531,5,5,9,13,5,10,14,11,11,13
532,18,19,23,12,12,9,21,6,7,10
533,19,13,6,13,7,11,17,8,21,7
534,19,15,8,19,13,9,15,17,6,22
535,11,13,14,8,10,12,9,10,6,10
536,6,11,11,19,10,11,15,13,6,13
537,10,10,5,5,9,17,8,10,13,11
538,4,18,26,14,3,13,10,11,1,4
539,16,15,10,6,6,15,16,10,14,7
540,16,7,20,14,19,21,6,20,1,1
541,15,17,6,9,3,20,12,14,15,6
542,17,5,5,14,13,6,15,17,8,7
543,16,16,7,12,16,17,12,12,9,11
544,15,5,4,12,9,5,18,5,7,16
545,15,10,12,11,13,7,18,6,7,11
546,11,18,11,19,0,20,20,9,20,15
547,2,10,14,14,14,11,14,14,8,16
548,9,11,18,14,16,12,0,9,17,3
549,6,6,6,6,11,14,15,15,16,3
550,12,9,0,11,15,14,13,13,7,9
551,6,14,10,18,11,10,9,5,11,12
552,13,16,15,8,18,21,16,18,18,3
553,13,13,16,11,12,12,21,6,18,10
554,17,12,3,6,19,16,13,15,9,6
555,20,4,15,16,10,6,16,9,15,12
556,15,16,6,9,10,0,19,14,13,2
557,20,7,15,7,0,15,6,1,15,17
558,1,14,20,7,25,19,6,13,14,17
559,19,17,16,6,16,13,15,15,11,18
560,16,17,21,23,10,6,13,5,8,18
561,8,6,6,8,3,19,9,4,19,8
562,5,12,7,6,12,17,6,11,3,8
563,19,19,23,14,11,15,11,23,6,18
564,12,22,7,17,9,15,4,14,6,3
565,13,19,2,3,15,11,11,19,13,17
566,19,16,4,8,10,2,16,9,13,9
567,15,9,10,18,18,16,10,20,11,16
568,9,10,13,6,10,8,18,14,12,2
569,7,8,15,15,16,16,17,19,26,10
570,11,9,11,10,12,17,13,3,12,8
571,16,8,9,17,5,18,19,12,6,13
572,6,13,18,11,22,14,19,16,7,19
573,8,15,5,12,14,19,17,8,6,10
574,11,19,14,22,12,20,16,18,7,17
575,14,8,10,9,22,11,7,8,20,10
576,11,5,20,8,3,17,6,12,7,8
577,19,22,19,13,4,11,11,8,12,1
578,7,9,9,15,12,23,13,10,15,9
579,17,3,15,18,12,14,17,5,18,1
580,11,11,16,14,14,10,11,6,13,2
581,10,14,15,0,9,16,3,7,7,3
582,17,6,14,14,6,17,17,5,17,16
583,8,11,20,7,10,21,15,12,13,15
584,9,7,8,11,5,6,6,9,7,2
585,9,23,3,13,14,11,9,16,5,7
586,10,12,2,5,3,17,13,17,9,12
587,4,9,7,15,15,8,23,4,12,17
588,18,11,8,8,14,12,3,8,12,9
589,19,13,17,12,7,14,6,13,16,21
590,1,7,12,8,6,14,8,21,5,10
591,12,4,19,15,12,12,16,9,6,8
592,12,17,8,5,19,5,14,7,21,9
593,9,16,14,13,4,10,16,18,12,17
594,7,14,10,6,16,3,12,9,12,18
595,11,2,6,13,2,21,15,19,24,21
596,6,13,11,11,7,13,10,18,7,8
597,4,14,11,18,7,6,11,17,9,8
598,21,17,12,10,17,15,6,11,14,18
599,12,9,18,13,10,8,9,3,21,17
600,13,11,17,11,11,12,6,7,13,7
601,14,8,12,3,22,16,5,17,9,10
602,13,0,9,21,14,17,15,14,6,17
603,7,15,8,13,21,6,18,8,11,10
604,19,11,8,16,9,3,11,8,8,12
605,18,8,9,16,14,11,5,10,9,7
606,14,17,12,5,5,12,16,9,13,10
607,14,15,7,9,5,19,9,12,8,12
608,5,6,5,14,14,4,10,15,16,11
609,18,11,9,7,7,8,20,6,14,12
610,7,15,16,12,10,17,10,10,7,14
611,20,20,3,22,20,10,14,5,23,16
612,9,4,20,12,8,19,19,13,9,9
613,4,21,15,21,14,16,20,22,9,17
614,22,16,0,23,8,17,18,7,26,7
615,9,24,4,16,11,6,1,14,15,17
616,15,8,4,8,13,20,15,8,12,4
617,15,9,16,16,10,5,6,7,11,11
618,14,14,12,6,14,6,4,14,9,22
619,2,19,2,18,4,8,13,5,10,3
620,14,13,16,14,9,6,12,18,19,16
621,11,4,9,12,18,5,8,10,18,11
622,12,3,22,5,13,30,11,17,11,13
623,5,13,12,15,4,20,17,3,14,13
624,7,7,21,21,16,7,7,15,21,9
625,14,15,14,9,13,12,14,21,25,13
626,10,9,18,6,10,4,6,8,17,11
627,17,9,19,10,8,5,14,6,4,7
628,13,15,13,13,6,16,7,11,22,8
629,10,8,11,8,8,20,14,26,23,17
630,18,9,8,10,9,14,7,8,20,6
631,10,25,11,15,12,14,21,5,18,8
632,14,12,12,11,4,2,13,6,5,8
633,7,19,14,10,13,6,24,10,11,7
634,17,8,9,10,10,17,16,10,11,21
635,8,12,4,13,15,21,4,29,6,7
636,14,11,13,13,7,8,11,3,12,18
637,13,20,4,11,13,14,13,9,12,11
638,14,11,10,12,11,12,12,22,7,12
639,10,16,18,18,14,18,8,10,8,15
640,11,11,14,5,3,3,16,8,14,17
641,12,17,6,7,16,15,9,11,8,12
642,5,11,23,19,13,20,5,13,19,10
643,12,21,6,5,15,10,6,7,10,15
644,11,14,8,15,22,12,14,18,11,4
645,6,19,11,8,12,6,18,8,18,17
646,9,13,9,5,12,10,14,14,13,13
647,22,18,19,15,12,7,24,5,1,6
648,10,9,12,5,15,15,17,17,12,15
649,13,20,20,15,20,14,7,8,13,16
650,17,25,25,15,18,12,3,3,15,11
651,4,9,10,17,10,14,12,12,9,2
652,11,9,23,5,6,14,11,11,16,17
653,17,5,11,15,13,7,1,21,16,16
654,16,14,13,16,20,13,9,6,16,13
655,16,10,6,15,11,5,13,15,11,12
656,17,8,6,15,7,3,9,15,10,15
657,17,17,2,15,21,8,10,6,6,18
658,22,17,19,16,8,2,2,11,15,5
659,6,3,16,19,7,15,8,13,15,20
660,5,10,6,9,8,17,18,16,11,13
661,14,11,7,17,0,12,16,20,20,13
662,19,13,6,18,16,21,18,17,9,13
663,15,16,13,26,13,3,20,11,3,15
664,8,11,18,8,10,11,10,9,4,11
665,5,15,7,15,15,13,15,10,10,20
666,13,11,9,23,7,13,8,20,14,15
667,12,9,21,11,11,20,10,18,22,11
668,18,10,3,9,9,11,20,19,16,22
669,12,5,10,3,16,4,17,5,18,9
670,5,12,4,18,6,20,19,6,10,18
671,13,13,6,7,11,19,9,13,16,16
672,12,14,12,10,9,6,7,11,17,13
673,18,14,18,10,8,7,22,12,19,17
674,1,8,22,16,11,13,19,0,17,11
675,10,14,12,11,3,4,17,6,7,6
676,17,4,3,8,17,15,8,15,15,16
677,13,17,12,13,14,12,11,16,9,10
678,5,13,14,9,9,7,4,20,7,20
679,2,6,10,23,17,6,18,11,16,8
680,17,9,22,5,5,17,8,8,12,2
681,10,19,19,16,18,15,15,11,0,20
682,19,2,4,14,18,17,9,17,19,15
683,6,10,12,14,13,16,10,11,15,13
684,19,7,12,17,13,15,11,17,5,11
685,18,6,14,12,13,13,12,14,0,17
686,12,14,19,18,5,4,5,12,22,4
687,12,24,17,10,10,7,2,15,12,20
688,15,12,15,19,12,6,20,18,10,9
689,7,14,19,8,16,8,8,16,3,15
690,11,15,15,6,3,19,20,26,7,13
691,14,10,6,8,7,7,15,19,9,9
692,9,16,9,9,10,8,7,10,14,16
693,16,15,10,15,6,23,16,19,16,10
694,12,11,27,21,11,17,7,18,11,6
695,14,11,5,17,17,16,6,16,24,12
696,12,16,10,20,14,6,18,6,4,12
697,25,17,12,2,21,10,18,11,14,15
698,12,17,14,6,12,19,11,14,6,20
699,18,7,9,14,18,9,6,11,4,21
700,10,18,5,13,18,15,20,12,17,14
701,7,18,19,27,10,8,6,17,14,20
702,13,7,13,16,14,12,15,7,11,17
703,12,6,7,10,11,9,16,7,23,9
704,7,9,10,7,8,6,19,13,16,7
705,21,9,4,7,13,5,6,11,12,14
706,14,4,14,6,12,18,12,18,21,10
707,16,12,10,13,6,1,11,6,16,8
708,4,21,3,15,21,12,19,17,17,17
709,20,7,7,18,6,8,18,11,3,12
710,6,17,8,11,17,6,11,20,14,12
711,15,4,11,14,27,17,16,3,8,17
712,18,9,9,10,13,12,7,4,21,8
713,23,8,15,2,13,6,9,12,18,9
714,9,10,16,19,29,4,3,11,18,5
715,3,7,18,5,11,16,15,19,29,21
716,12,6,7,22,21,13,17,19,23,5
717,11,4,9,7,15,5,13,7,8,4
718,8,19,16,23,12,17,6,20,16,4
719,12,8,18,22,10,16,13,6,14,7
720,20,13,7,10,9,11,17,10,6,10
721,20,17,14,19,6,7,1,10,10,2
722,21,16,20,9,11,13,12,8,10,7
723,8,4,13,12,11,15,7,13,11,6
724,14,3,7,12,9,4,8,24,5,14
725,12,16,25,4,11,9,10,5,8,13
726,3,15,7,11,17,8,14,10,25,12
727,5,16,7,23,11,18,12,5,8,14
728,20,17,12,13,18,13,6,15,21,15
729,15,6,17,7,10,13,10,10,11,16
730,9,20,16,13,6,16,12,17,7,10
731,1,12,12,15,11,14,10,12,6,12
732,23,8,10,7,18,18,11,17,10,9
733,13,8,19,2,16,9,0,7,8,14
734,13,14,13,16,6,12,11,6,11,5
735,17,21,14,6,10,9,19,16,12,20
736,11,7,25,11,9,15,7,17,7,8
737,14,13,18,11,7,5,8,19,17,12
738,8,22,5,6,16,2,8,6,19,2
739,7,17,18,7,23,5,20,9,10,9
740,9,17,10,16,17,6,13,10,15,6
741,10,7,23,4,11,11,19,11,12,17
742,11,16,14,2,6,15,7,14,21,20
743,7,16,15,20,13,14,10,19,13,16
744,16,17,10,9,17,16,12,9,14,3
745,7,18,4,14,10,6,15,16,17,18
746,15,26,13,21,11,12,3,13,18,4
747,7,9,13,18,6,12,11,14,14,3
748,17,6,10,13,12,10,18,17,4,6
749,22,9,15,10,8,8,19,10,11,16
750,4,9,20,5,7,9,5,20,6,12
751,11,20,8,9,2,17,17,19,14,21
752,15,17,6,12,1,15,18,18,7,13
753,12,5,0,19,7,18,11,19,11,5
754,13,17,6,10,6,15,4,12,14,16
755,6,23,9,15,13,11,5,15,7,6
756,18,18,12,15,9,9,21,7,10,13
757,14,16,8,11,10,15,18,11,9,11
758,7,19,7,5,14,6,17,18,14,25
759,10,6,11,17,12,5,10,6,12,18
760,15,14,13,9,8,8,20,7,17,28
761,5,17,18,6,3,5,12,22,12,12
762,4,18,15,6,3,10,1,11,7,6
763,12,18,15,13,0,13,8,16,18,10
764,15,6,13,4,15,12,16,17,15,4
765,10,15,21,14,10,6,19,4,12,16
766,9,10,15,6,5,0,16,26,18,9
767,6,9,16,18,18,12,5,12,10,11
768,12,11,12,18,22,20,10,21,19,5
769,4,8,15,10,13,8,24,4,12,5
770,9,10,15,5,14,19,10,15,22,10
771,11,29,8,7,21,9,9,13,6,14
772,18,9,13,9,16,11,11,18,13,10
773,22,8,15,7,16,11,12,15,7,18
774,6,13,8,4,14,6,6,13,5,15
775,10,13,13,12,10,17,15,19,18,5
776,8,17,13,5,9,4,14,7,11,12
777,8,8,13,8,17,18,12,24,6,13
778,8,16,7,5,5,7,4,2,15,18
779,16,21,9,19,13,21,11,17,19,11
780,11,13,5,22,5,9,14,19,18,18
781,16,9,6,7,10,15,3,16,6,11
782,7,4,19,12,9,4,14,11,15,9
783,7,18,9,9,4,8,15,6,4,12
784,2,14,20,16,16,5,6,8,15,16
785,23,25,8,14,15,8,16,12,10,11
786,6,14,4,21,18,14,13,11,9,5
787,14,12,3,9,0,5,19,13,5,8
788,20,18,4,20,13,11,16,5,13,6
789,6,18,11,3,9,11,6,21,12,13
790,19,8,12,10,10,10,7,12,18,19
791,14,18,7,17,20,10,19,4,12,16
792,12,21,12,14,18,11,21,1,16,16
793,17,14,14,11,20,11,19,7,9,14
794,6,14,20,9,16,14,9,13,21,9
795,7,18,11,3,14,18,14,14,9,10
796,10,4,5,14,11,6,19,8,9,9
797,6,11,4,15,9,12,24,14,10,7
798,16,3,9,10,6,6,13,5,7,9
799,2,11,14,17,12,19,1,8,9,12
800,3,6,17,17,8,20,3,17,15,14
801,6,17,6,6,17,12,4,6,19,10
802,11,11,0,8,2,21,13,7,7,20
803,17,11,20,6,26,8,11,6,9,7
804,9,11,12,2,22,8,10,12,13,8
805,5,16,14,8,12,10,12,18,26,5
806,9,9,3,14,3,10,11,4,6,9
807,21,13,7,15,5,10,17,6,12,17
808,8,13,14,8,13,1,8,8,6,18
809,8,10,16,9,11,14,12,9,12,11
810,14,15,21,25,23,9,23,9,10,17
811,9,7,14,13,11,14,23,19,5,14
812,20,11,7,5,19,20,21,23,10,20
813,12,12,8,11,10,15,3,1,12,14
814,10,7,16,18,23,8,19,17,5,9
815,8,22,15,4,11,13,13,4,5,12
816,10,0,14,14,9,21,21,15,12,16
817,17,7,6,12,11,14,17,11,5,16
818,22,10,12,15,13,18,14,7,17,22
819,23,12,13,11,4,10,18,6,10,16
820,16,18,10,16,3,7,6,9,15,15
821,7,10,10,5,8,7,9,6,14,27
822,14,11,7,18,3,6,4,0,15,11
823,13,15,7,8,16,12,14,5,11,6
824,23,15,10,9,14,15,13,19,5,16
825,10,12,7,0,12,6,20,15,13,20
826,7,12,5,14,17,5,11,9,7,18
827,4,16,7,11,11,16,8,19,12,5
828,7,17,0,9,5,16,6,9,15,11
829,17,9,21,15,16,23,12,12,10,12
830,8,7,6,7,16,15,17,8,13,19
831,7,9,11,15,18,10,19,9,14,26
832,3,19,16,5,16,19,23,13,14,15
833,15,24,8,7,17,12,17,15,10,10
834,3,10,12,12,13,12,11,12,10,18
835,19,9,15,8,13,4,7,6,18,10
836,9,14,7,9,9,15,20,10,9,11
837,16,16,17,9,18,14,11,20,10,12
838,16,18,19,15,11,3,3,0,12,7
839,13,18,4,9,9,17,9,6,14,11
840,13,17,7,13,9,17,26,16,21,17
841,11,11,15,5,9,6,12,10,6,5
842,7,9,3,14,10,7,21,24,5,10
843,6,16,10,17,19,15,16,16,8,9
844,6,13,18,12,16,18,6,19,12,5
845,11,9,10,14,10,7,18,11,16,4
846,12,8,19,10,14,10,20,8,8,16
847,10,16,13,6,12,17,13,17,14,13
848,16,3,14,10,10,9,9,10,2,15
849,20,7,6,6,21,14,13,5,12,26
850,12,8,15,8,9,7,0,17,22,8
851,5,2,6,9,10,12,7,15,5,17
852,4,9,13,6,14,6,12,12,12,7
853,14,16,17,2,17,9,13,8,9,5
854,19,8,12,2,20,15,14,11,3,16
855,14,19,2,19,13,15,15,6,11,14
856,5,6,2,5,13,7,16,11,12,9
857,11,2,12,7,20,14,17,9,17,4
858,12,3,17,5,10,14,9,5,9,20
859,14,17,15,5,12,13,9,6,15,7
860,6,6,11,19,8,8,17,4,15,9
861,12,14,21,7,15,11,15,13,3,15
862,10,16,11,17,8,11,7,14,8,6
863,3,10,14,7,20,14,14,8,15,2
864,17,10,18,8,11,24,9,12,15,7
865,18,14,6,15,12,16,8,15,13,4
866,16,19,7,19,9,4,22,11,8,6
867,17,10,20,3,7,10,13,26,6,8
868,14,11,16,10,1,14,9,17,16,3
869,13,9,10,13,6,17,9,16,17,16
870,17,11,25,8,13,16,20,21,9,4
871,15,3,18,4,5,3,13,9,7,23
872,9,19,6,4,8,6,9,14,8,15
873,12,15,19,15,12,7,8,16,12,8
874,11,16,8,3,6,12,8,12,14,7
875,14,13,10,18,17,10,11,16,10,6
876,19,13,18,12,8,14,11,18,23,17
877,18,21,17,15,16,20,7,18,17,4
878,11,13,18,28,15,14,17,5,16,9
879,10,21,9,15,11,17,7,4,5,8
880,10,8,22,11,16,5,18,1,11,0
881,20,6,9,12,9,15,19,14,6,11
882,17,13,7,13,8,12,8,11,7,11
883,8,8,13,21,20,11,17,12,6,13
884,10,8,21,10,11,8,3,23,9,6
885,20,8,12,26,13,7,13,5,17,11
886,9,11,18,8,10,10,19,18,20,16
887,15,11,13,15,20,10,13,13,9,11
888,21,15,18,12,8,8,6,13,13,10
889,18,15,10,6,20,18,13,14,11,9
890,8,10,14,11,13,19,16,3,8,14
891,19,14,11,12,9,5,14,9,8,9
892,3,14,22,17,10,21,4,11,9,21
893,9,21,10,25,13,10,15,5,17,10
894,4,21,24,6,12,13,3,12,16,11
895,10,18,11,15,17,15,9,4,12,9
896,12,17,14,18,7,12,9,20,13,21
897,16,8,13,17,6,15,9,14,8,8
898,10,14,18,13,14,10,16,20,14,17
899,12,6,7,15,9,8,9,22,9,13
900,11,12,16,4,6,8,21,20,14,8
901,14,5,17,13,13,21,12,9,10,15
902,6,6,23,13,18,7,16,11,9,11
903,10,18,6,27,21,15,22,14,13,11
904,23,13,14,7,6,13,11,8,21,4
905,7,0,14,12,21,16,13,18,14,16
906,12,8,15,11,16,26,6,17,18,22
907,6,14,14,4,11,9,19,15,8,10
908,14,18,15,13,10,17,5,11,14,17
909,12,20,8,5,29,7,8,7,2,12
910,17,8,16,16,15,13,11,9,9,12
911,9,11,7,13,4,15,9,11,23,9
912,8,8,18,10,0,9,13,10,10,11
913,4,13,15,8,7,10,14,6,10,13
914,11,8,8,21,20,4,15,15,8,15
915,4,18,11,14,13,18,6,8,16,9
916,16,6,20,13,21,2,10,6,12,12
917,13,17,16,2,16,14,14,4,8,15
918,16,2,7,8,14,18,7,19,6,19
919,6,9,12,9,8,13,7,15,11,6
920,10,22,16,11,10,16,8,13,15,16
921,10,12,10,12,18,11,14,5,7,13
922,7,10,20,5,9,8,17,21,5,6
923,16,6,16,21,8,5,15,14,9,10
924,14,9,16,7,5,6,12,30,15,14
925,7,9,17,15,12,18,0,11,18,5
926,14,7,10,11,13,11,10,6,14,15
927,11,6,17,4,18,13,9,16,4,16
928,18,6,10,6,17,14,14,20,10,13
929,19,18,12,11,12,7,11,3,13,3
930,6,2,17,13,14,8,6,11,10,5
931,15,20,16,15,15,14,7,9,15,6
932,13,24,21,4,19,11,3,14,13,14
933,6,13,17,9,12,15,11,19,9,9
934,14,7,5,10,15,13,15,4,20,11
935,17,16,6,17,15,13,11,7,12,18
936,17,11,5,12,9,7,22,16,17,9
937,12,5,6,15,22,7,12,5,3,0
938,6,19,10,8,12,11,7,12,6,11
939,6,9,6,10,8,18,23,17,7,17
940,11,11,13,10,7,13,7,19,8,15
941,13,9,15,12,2,19,8,15,10,25
942,25,11,7,19,7,18,10,7,12,8
943,17,10,13,17,13,20,10,15,9,14
944,14,3,19,6,12,21,5,14,10,26
945,10,8,6,6,21,10,22,14,14,11
946,7,4,17,16,10,8,14,10,14,10
947,15,10,6,8,12,21,6,5,17,12
948,17,12,12,8,16,20,12,18,27,13
949,6,18,9,21,10,12,23,12,14,15
950,16,14,3,21,8,7,8,14,12,8
951,10,10,9,9,13,15,11,6,7,17
952,11,5,9,9,6,12,14,9,20,7
953,4,8,5,8,12,12,20,18,16,19
954,8,20,10,5,13,5,14,20,20,16
955,14,13,6,24,16,13,18,16,11,17
956,10,8,17,10,15,6,17,29,11,11
957,13,5,7,14,4,5,11,15,10,15
958,16,14,17,9,17,7,16,9,11,15
959,7,7,17,15,14,1,8,3,16,6
960,18,23,3,16,5,3,15,13,19,9
961,14,5,12,6,9,10,6,13,11,6
962,9,16,21,10,9,14,19,12,11,10
963,5,11,8,9,17,7,5,11,17,17
964,10,15,18,16,15,12,14,18,13,5
965,13,6,16,2,20,10,17,22,18,16
966,10,7,26,16,4,13,6,8,16,16
967,9,21,6,14,9,15,14,16,6,5
968,10,17,8,7,10,20,14,12,15,13
969,16,15,17,12,7,11,6,3,24,16
970,18,21,17,15,1,13,5,4,11,11
971,12,12,11,13,12,8,11,7,13,24
972,13,5,8,26,11,11,15,16,15,6
973,18,16,3,4,10,15,11,16,9,13
974,12,7,9,19,6,11,11,8,13,16
975,14,5,15,15,8,16,18,8,5,10
976,8,6,12,15,17,17,12,3,9,12
977,12,12,10,15,6,10,12,18,6,13
978,15,10,25,10,17,10,10,17,18,16
979,11,9,14,22,15,8,6,10,21,9
980,10,17,6,19,18,7,22,10,9,16
981,11,10,6,10,6,11,11,9,12,16
982,8,4,11,10,12,4,14,11,10,8
983,12,0,14,4,14,9,6,13,14,16
984,11,17,16,24,16,17,5,11,15,16
985,14,6,29,12,16,11,16,13,16,13
986,8,20,15,17,18,20,12,12,14,4
987,10,16,20,15,6,12,8,22,6,19
988,18,6,12,6,7,17,17,11,16,11
989,21,15,12,23,4,14,8,4,5,11
990,17,14,9,14,4,3,18,9,19,14
991,11,15,7,18,4,11,19,12,9,20
992,17,9,15,14,7,13,9,3,11,8
993,11,18,17,12,23,20,15,4,20,9
994,22,16,14,12,12,11,11,17,8,11
995,13,11,19,7,5,13,20,8,8,14
996,12,20,9,14,19,16,10,6,7,7
997,7,26,15,17,11,14,9,13,7,16
998,5,12,3,19,15,17,6,8,3,10
999,8,13,10,12,11,11,10,18,11,16
1000,6,6,17,10,14,11,17,13,17,12
